total_cloud_cover_sfc,shortwave_radiation_backwards_sfc,generated_power_kw
0.0,0.0,454.10095
0.0,1.78,1411.9994
0.0,108.58,2214.8493
0.0,258.1,2527.6092
0.0,375.58,2640.2034
0.0,449.45,2546.0816
0.0,469.92,2270.3207
0.0,436.99,1063.8302
0.0,353.33,86.817611
0.0,228.73,9.6666667
0.9,0.0,513.90842
1.8,2.67,1076.7197
0.0,113.92,1018.7148
0.0,255.43,2307.0852
0.9,380.03,2261.3353
100.0,400.5,1706.41
100.0,415.63,1385.8102
100.0,387.15,547.77553
100.0,333.75,61.566961
0.0,0.0,419.20845
38.0,2.67,1371.9036
62.0,111.25,2154.5695
49.0,256.32,2456.0311
29.0,369.35,2536.1985
5.1,441.44,2462.3889
2.1,461.02,2202.6894
5.1,430.76,1046.8986
2.4,352.44,88.940216
0.0,0.0,418.46229
0.0,1.78,1300.4193
0.0,104.13,2143.0744
0.0,250.09,2436.7275
0.0,366.68,2534.3489
0.0,435.21,2477.8934
0.0,455.68,2206.8945
0.0,425.42,1040.8729
0.0,345.32,93.423875
0.0,0.0,425.30454
0.0,1.78,1355.1012
0.0,106.8,2122.2185
0.0,255.43,2430.8578
0.0,372.91,2549.7753
0.0,440.55,2505.5434
0.0,462.8,2236.1667
0.0,431.65,1079.7043
0.0,350.66,97.017519
0.0,0.0,445.47816
4.0,1.78,1411.1547
44.0,113.92,2212.9796
15.0,264.33,2522.2383
39.0,378.25,2625.5014
0.0,447.67,2577.2011
0.0,469.03,2283.7003
0.0,436.99,1086.2028
0.0,356.0,103.20437
0.0,0.0,455.91293
0.0,1.78,1417.3211
0.0,107.69,2224.3277
0.0,255.43,2549.8831
0.0,373.8,2637.6611
0.0,449.45,2567.6217
0.0,473.48,2293.5854
0.0,443.22,1167.8618
0.0,363.12,114.485
0.0,0.0,473.56029
0.0,2.67,1441.6025
0.0,111.25,2175.1235
0.0,0.0,487.39034
0.0,1.78,1394.0949
0.0,105.91,2183.2921
0.0,253.65,2499.1097
0.0,372.91,2675.5011
0.0,453.9,2568.4284
0.0,477.04,2246.8706
0.0,447.67,1169.1853
0.0,367.57,115.48638
0.0,0.0,506.59034
0.0,2.67,1437.5185
0.0,111.25,2222.6927
0.0,263.44,2533.2102
0.0,384.48,2627.5657
0.0,462.8,2554.7255
0.0,487.72,2281.9892
0.0,456.57,1107.7147
0.0,374.69,130.56522
0.0,0.0,33.746162
76.0,2.67,335.80854
43.0,113.03,2133.7886
23.0,262.55,2506.0048
2.0,375.58,2555.6055
57.0,450.34,2361.4471
34.0,468.14,2239.379
1.0,441.44,1209.1943
0.0,365.79,116.31498
0.0,0.0,503.15395
0.0,2.67,1400.0511
0.0,107.69,2166.6904
0.0,255.43,2542.4739
0.0,374.69,2677.5709
0.0,457.46,2607.0784
0.0,480.6,2304.9839
0.0,450.34,1244.6791
0.0,371.13,135.79522
0.0,0.0,445.91228
0.0,2.67,1353.1714
0.0,110.36,2127.6647
0.0,260.77,2437.0792
0.0,380.03,2568.2777
0.0,453.01,2350.5334
0.0,477.04,968.71618
35.0,452.12,233.24195
95.0,373.8,40.214319
100.0,0.0,480.82352
100.0,2.67,1400.3916
100.0,108.58,2190.3046
40.0,258.1,2537.5603
47.0,381.81,2689.5167
4.0,457.46,2590.2565
29.0,412.07,2268.1099
10.0,355.11,1249.0877
100.0,284.8,143.9723
83.0,225.17,16.101307
1.0,0.0,491.01385
8.0,3.56,589.7025
36.0,121.04,1522.622
0.0,268.78,690.96898
13.0,386.26,291.16097
100.0,389.82,177.40503
100.0,395.16,156.05012
100.0,186.9,123.7152
100.0,107.69,17.422826
56.0,0.0,162.85673
3.0,3.56,1416.8051
0.0,118.37,1549.9781
0.0,271.45,1717.2196
12.0,392.49,1463.1401
10.0,299.93,774.13052
10.0,469.92,202.27496
2.0,379.14,332.33587
100.0,386.26,177.91597
0.0,0.0,553.33489
0.0,3.56,1457.4705
0.0,119.26,2219.2605
0.3,272.34,2595.2027
0.3,398.72,2724.477
0.0,478.82,2668.6514
0.0,504.63,2415.1739
61.0,477.93,1160.2291
100.0,394.27,127.90982
100.0,0.0,7.6198024
100.0,2.67,164.66754
100.0,68.53,315.74279
100.0,187.79,316.44196
100.0,295.48,870.24529
100.0,205.59,902.17283
60.0,382.7,357.74893
100.0,373.8,125.95566
100.0,201.14,25.226724
94.0,4.45,0.060569106
100.0,121.04,19.060523
88.0,225.17,155.21215
10.0,308.83,1137.9982
10.0,472.59,2176.6919
10.0,496.62,2204.0698
10.0,467.25,1544.6314
10.0,374.69,226.21317
100.0,0.0,480.20512
100.0,2.67,568.66697
100.0,48.06,639.75016
100.0,105.02,705.53718
100.0,168.21,709.37222
100.0,217.16,595.21168
100.0,416.52,288.75358
100.0,311.5,120.28781
100.0,338.2,54.593671
100.0,210.93,10.725232
19.0,0.0,176.33224
13.0,5.34,555.61982
2.0,309.72,487.8004
100.0,169.99,769.56467
100.0,202.03,411.2987
100.0,234.96,435.15191
100.0,136.17,46.973611
100.0,5.34,0.88722222
100.0,115.7,38.837352
82.0,258.1,43.892087
70.0,366.68,68.468864
100.0,267.0,44.855
100.0,250.09,26.84328
100.0,195.8,21.373333
73.0,169.1,9.8601908
100.0,0.0,39.840833
100.0,4.45,193.89462
100.0,103.24,674.70417
100.0,270.56,1512.4509
78.0,405.84,2386.7665
10.0,473.48,1902.4103
0.0,488.61,1494.7838
0.0,499.29,507.36284
0.0,420.97,112.26474
0.0,299.93,26.661348
9.0,0.0,480.965
70.0,8.01,1610.4259
0.0,140.62,2332.3159
0.0,291.03,2664.7049
0.0,412.07,2899.872
0.0,502.85,2822.5761
0.0,526.88,2520.3628
0.0,494.84,1566.4214
0.0,414.74,232.96167
0.0,295.48,34.047386
100.0,0.0,451.43028
49.0,8.01,457.51195
25.0,141.51,2283.9918
1.0,299.04,2709.7533
0.0,423.64,2898.309
93.0,489.5,2839.5309
0.3,530.44,2517.6672
1.2,506.41,1643.3694
1.2,429.87,240.32569
0.6,312.39,12.823696
0.0,0.0,622.10833
0.0,8.01,1555.0839
0.0,135.28,2207.8295
0.0,290.14,2033.3861
2.0,419.19,1495.0268
0.0,495.73,1601.2917
0.0,524.21,1587.797
0.0,498.4,900.9568
0.0,421.86,175.41141
0.3,302.6,25.198679
70.0,0.0,65.334722
100.0,8.9,128.55614
100.0,133.5,213.53037
7.0,302.6,529.23609
0.9,427.2,801.21361
0.3,501.07,1120.3043
0.3,525.99,522.36722
0.0,499.29,694.42378
0.0,422.75,197.23395
0.0,304.38,29.081699
12.0,0.0,600.64111
3.0,9.79,1563.6986
0.0,147.74,2254.5837
0.0,307.94,2634.1726
0.0,435.21,2805.2676
0.0,515.31,2768.1883
0.0,542.9,2471.2245
0.0,512.64,1233.002
0.3,432.54,279.1891
0.0,313.28,44.6431
100.0,0.0,469.03596
100.0,8.01,1433.8985
100.0,67.64,1932.6989
100.0,135.28,1754.4959
91.0,358.67,612.54616
6.3,497.51,115.7372
35.0,523.32,209.28936
20.0,435.21,178.17393
37.0,424.53,240.54478
16.0,292.81,3.9839181
100.0,0.0,212.73694
100.0,11.57,928.17262
100.0,131.72,814.1026
100.0,251.87,1170.5806
100.0,390.71,751.5643
78.0,480.6,258.036
26.0,527.77,77.371552
19.0,503.74,151.54448
100.0,407.62,3.274586
100.0,289.25,5.625
100.0,0.0,365.87528
100.0,9.79,1020.2754
100.0,78.32,2046.7212
100.0,124.6,1770.4435
100.0,161.98,1479.5331
100.0,194.91,1197.0767
100.0,215.38,1779.7003
100.0,240.3,2084.9414
100.0,207.37,366.52784
100.0,130.83,37.264069
100.0,0.0,612.4965
100.0,13.35,1516.1773
100.0,155.75,2128.6253
33.0,313.28,2607.9262
15.0,302.6,2741.3694
10.0,234.07,1843.9107
10.0,527.77,1555.8217
10.0,501.96,1418.3475
41.0,223.39,325.89532
100.0,0.0,109.07939
100.0,9.79,232.56139
100.0,73.87,696.74
100.0,195.8,424.49561
100.0,312.39,162.37921
100.0,187.79,1199.4147
100.0,236.74,344.17139
100.0,227.84,662.075
100.0,236.74,136.57458
43.0,317.73,38.921569
100.0,0.0,214.66867
100.0,10.68,435.98026
100.0,110.36,540.26354
85.0,278.57,609.03444
83.0,423.64,1231.1073
78.0,298.15,1338.748
100.0,231.4,1533.5819
100.0,270.56,274.12224
91.0,205.59,209.04958
70.0,167.32,61.186944
100.0,239.41,37.113781
88.0,217.16,44.916886
100.0,241.19,63.474352
100.0,374.69,11.048742
100.0,440.55,3.5764493
100.0,140.62,0.009444444
100.0,257.21,199.56072
100.0,226.95,621.0319
98.0,271.45,1270.4655
59.0,260.77,378.96399
100.0,232.29,155.8639
41.0,186.01,16.274753
100.0,0.0,60.412381
100.0,13.35,213.16447
100.0,105.02,411.75982
84.0,187.79,946.81661
10.0,351.55,770.66778
100.0,0.0,0.22459016
100.0,18.69,65.507917
100.0,149.52,69.335871
100.0,283.02,179.29113
75.0,362.23,509.22694
100.0,453.01,426.59295
100.0,445.89,411.4492
100.0,432.54,267.54383
100.0,369.35,63.384136
100.0,305.27,0.16192283
0.0,0.0,132.23905
0.0,24.03,205.54818
0.0,181.56,315.97245
0.0,343.54,552.13038
0.0,472.59,492.32998
0.0,556.25,552.04514
0.0,585.62,408.28072
0.0,560.7,263.97289
0.0,483.27,101.51705
100.0,362.23,0.36510417
0.0,0.0,760.53663
1.0,25.81,1800.9321
74.0,188.68,2446.9025
28.0,351.55,2848.8113
2.0,482.38,3042.2762
0.0,567.82,2976.7425
0.0,598.08,2661.2573
0.0,573.16,2012.8759
0.0,493.95,419.42047
0.0,371.13,32.106884
100.0,0.0,37.861475
100.0,28.48,119.46945
100.0,187.79,354.87786
76.0,351.55,1608.7156
100.0,471.7,1798.4442
0.0,565.15,2201.482
2.0,596.3,2514.8261
5.0,572.27,1983.4115
100.0,488.61,454.60693
100.0,347.1,38.520397
100.0,0.0,306.21257
100.0,18.69,810.41608
100.0,114.81,1653.5456
100.0,217.16,2594.6142
100.0,359.56,2495.5364
100.0,320.4,2034.5494
100.0,334.64,349.33594
100.0,313.28,508.95105
100.0,276.79,81.15272
52.0,0.0,524.29145
54.0,34.71,1511.2741
55.0,199.36,2160.7512
30.0,359.56,2625.0994
83.0,486.83,2183.5018
0.0,566.04,1644.59
10.0,364.9,532.01389
16.0,257.21,149.70222
16.0,218.94,12.351344
30.0,176.22,1.2752137
100.0,0.0,718.82787
100.0,32.04,1726.4683
0.0,201.14,2344.2967
0.0,364.01,2748.0358
10.0,488.61,2909.5366
3.3,574.94,2774.0572
6.6,601.64,2125.9102
0.9,582.06,650.15667
0.0,504.63,89.000525
1.8,387.15,1.1058824
34.0,0.0,380.55369
100.0,31.15,963.70243
100.0,158.42,734.79313
100.0,322.18,785.81806
7.0,480.6,1011.2157
100.0,466.36,943.20981
100.0,420.08,704.87833
100.0,388.04,298.18582
100.0,360.45,91.135834
100.0,286.58,84.115943
100.0,0.0,222.8959
100.0,29.37,495.7582
10.0,200.25,513.90689
0.0,354.22,637.55228
0.0,494.84,641.52067
100.0,550.91,1730.8477
100.0,473.48,2107.1092
40.0,539.34,294.9493
9.0,504.63,49.494442
35.0,388.04,3.2892303
100.0,0.0,20.289321
100.0,20.47,119.6423
100.0,97.9,202.60269
100.0,167.32,213.51918
100.0,251.87,325.59282
100.0,338.2,689.46341
100.0,492.17,455.77683
100.0,543.79,1116.084
100.0,486.83,188.75389
50.0,328.41,7.3594994
100.0,32.93,16.747443
100.0,147.74,747.95484
54.0,219.83,896.17405
40.0,293.7,1299.9747
100.0,404.95,2501.3443
10.0,458.35,2067.4558
5.0,460.13,402.96303
5.0,529.55,31.680455
100.0,397.83,6.7550505
100.0,0.0,81.04899
100.0,32.04,214.27725
100.0,189.57,388.70286
45.0,387.15,503.07919
0.0,514.42,428.09654
100.0,446.78,650.36148
100.0,279.46,751.18134
100.0,129.05,715.04669
100.0,113.03,245.03425
100.0,143.29,21.344653
0.0,0.0,729.90932
0.0,51.62,1783.8262
0.0,228.73,2390.095
0.0,393.38,2804.8013
0.0,524.21,2961.926
0.0,606.98,2867.343
0.0,637.24,2584.3651
0.0,611.43,2118.8114
0.0,532.22,680.90394
100.0,411.18,50.614814
100.0,0.0,564.36012
100.0,48.06,538.48395
100.0,170.88,946.53167
100.0,254.54,1643.1462
100.0,221.61,1484.1412
100.0,401.39,1133.0727
100.0,357.78,433.32806
100.0,275.01,320.20786
100.0,250.09,220.395
100.0,306.16,0.26018519
100.0,0.0,319.17873
100.0,52.51,776.38526
44.0,243.86,1343.0145
39.0,380.03,2648.7486
100.0,411.18,2977.094
10.0,462.8,2955.7583
0.0,631.01,2161.0413
27.0,572.27,2151.0257
10.0,394.27,782.56749
17.0,329.3,56.482041
46.0,152.19,299.88492
3.0,0.0,806.81349
2.0,61.41,1810.5113
0.0,242.97,2434.8074
0.0,405.84,2795.9993
5.0,473.48,2949.8806
0.0,614.1,2881.9097
0.0,641.69,1416.0774
0.0,614.99,424.62465
100.0,490.39,97.651824
100.0,194.91,0.063131313
100.0,0.0,66.971355
49.0,72.09,247.67075
32.0,254.54,329.8208
43.0,410.29,738.98194
3.0,533.11,1851.771
19.0,611.43,1015.2933
100.0,604.31,219.2571
36.0,345.32,1059.0576
10.0,307.94,794.39164
100.0,308.83,44.838407
100.0,262.55,317.83056
100.0,0.0,687.91423
100.0,49.84,1602.8818
100.0,224.28,1379.7537
30.0,315.95,1215.9592
11.0,522.43,479.02023
10.0,470.81,1395.4672
10.0,322.18,1448.713
100.0,292.81,323.25818
100.0,434.32,198.86434
100.0,171.77,43.092302
100.0,0.0,88.496643
100.0,63.19,289.35083
100.0,226.06,659.44101
57.0,404.95,750.74442
15.0,544.68,1409.4254
76.0,526.88,1964.5812
1.0,553.58,2458.3645
72.0,531.33,2154.2716
0.0,525.1,765.70439
0.3,433.43,30.36271
23.0,0.0,168.89293
16.0,83.66,721.24609
43.0,266.11,751.95215
31.0,421.86,2378.8787
36.0,546.46,1715.4383
100.0,442.33,860.72365
100.0,497.51,832.32777
100.0,495.73,241.875
100.0,451.23,107.38569
100.0,403.17,44.705959
100.0,0.0,181.53847
100.0,46.28,399.22861
82.0,213.6,1003.2059
8.4,444.11,1730.1885
0.0,572.27,2653.3225
29.0,586.51,2857.5967
0.0,679.07,2689.2852
0.0,651.48,2189.9954
0.0,571.38,899.45487
100.0,405.84,68.438033
100.0,193.13,83.10049
100.0,0.0,412.23701
1.2,93.45,1377.1819
0.6,276.79,2016.125
0.3,434.32,1978.0229
0.3,558.03,2559.2473
100.0,614.99,2767.1597
100.0,469.03,2061.6401
100.0,534.0,1623.7999
30.0,508.19,630.18648
28.2,426.31,134.7186
30.0,278.57,288.35628
100.0,0.0,758.63765
100.0,42.72,1210.4983
25.0,216.27,1167.5445
29.0,434.32,1355.6717
100.0,550.02,1745.4971
30.0,614.1,1377.0492
30.0,642.58,1995.1997
30.0,620.33,1535.1652
30.0,545.57,905.77123
30.0,429.87,86.759195
10.5,284.8,144.65972
1.0,0.0,734.29853
0.0,95.23,1543.786
0.0,283.02,2325.0675
10.0,441.44,2678.9464
0.0,534.89,2850.3126
2.0,638.13,2484.5189
0.0,675.51,2129.886
0.0,650.59,494.96428
92.0,555.36,415.2075
100.0,369.35,56.929919
63.0,0.0,158.79974
100.0,82.77,390.1007
36.0,275.9,745.79267
0.0,428.09,1905.4306
66.0,550.02,2529.1166
67.0,623.0,2227.0099
100.0,572.27,1586.9667
61.0,527.77,2164.8406
0.0,570.49,692.53553
24.0,453.01,89.372797
100.0,0.0,75.66761
100.0,0.0,313.16457
100.0,48.95,713.35139
100.0,243.86,1286.2453
0.0,458.35,1938.8014
26.0,601.64,3036.9697
0.0,680.85,2999.3172
0.0,713.78,2746.2333
0.0,687.97,2275.757
0.0,606.09,996.76998
0.0,480.6,110.45111
100.0,0.0,12.902924
100.0,0.89,206.17519
3.9,122.82,798.55111
3.6,322.18,1915.7382
1.2,490.39,2849.3513
0.3,619.44,3049.4668
0.0,692.42,3000.4989
0.0,722.68,2739.6307
0.0,694.2,2242.1163
0.0,609.65,998.95833
0.0,481.49,123.13811
0.0,0.0,293.74976
0.0,1.78,952.55831
0.0,121.04,1766.8851
0.0,315.06,2419.4932
0.0,485.05,2746.9364
0.0,618.55,2922.9944
0.0,696.87,2874.0353
0.0,725.35,2640.6783
0.0,696.87,2193.5643
0.0,614.99,984.0998
0.0,487.72,128.36806
0.0,0.0,279.15599
0.0,1.78,951.87368
0.0,125.49,1788.1319
0.0,317.73,2405.8256
0.0,485.05,2705.2294
0.0,614.99,2822.5712
0.0,699.54,2800.9035
0.0,727.13,2545.2561
0.0,696.87,2120.9897
0.0,612.32,972.16769
0.0,486.83,140.21872
5.7,0.0,262.79406
3.9,3.56,942.49016
0.9,139.73,1761.0983
8.4,329.3,2330.1819
4.2,493.06,2697.1626
2.4,621.22,2923.0258
1.8,706.66,2888.6197
0.0,737.81,2617.3262
0.0,712.0,2146.9767
0.0,629.23,1074.9995
0.0,499.29,219.21004
0.0,329.3,0.996
3.3,0.0,310.05984
0.0,4.45,1030.0652
0.0,138.84,1834.6125
0.0,333.75,2424.6642
1.2,507.3,2605.223
28.8,627.45,2909.6684
0.0,719.12,2774.5503
0.0,745.82,2511.2375
0.0,715.56,2140.0965
0.0,630.12,1071.7122
0.0,501.07,141.87328
0.0,0.0,276.98497
0.0,5.34,1050.2024
0.0,142.4,1870.1204
0.0,336.42,2429.165
0.0,505.52,2704.2585
0.0,637.24,2771.6524
0.0,713.78,2766.9008
0.0,739.59,2574.2355
0.0,708.44,2135.084
0.0,623.0,1018.289
0.0,493.95,155.41676
1.2,0.0,295.74341
0.0,6.23,1032.6548
0.0,146.85,1820.7111
0.0,339.98,2355.2314
0.0,508.19,2666.7428
0.0,639.02,2820.1406
0.0,722.68,2791.1566
0.0,750.27,2574.2649
0.0,720.9,1970.0668
0.0,636.35,890.54546
0.0,507.3,201.97139
0.0,338.2,3.1634921
24.6,0.0,316.75294
24.6,8.9,1119.0581
15.3,161.09,1684.25
2.1,352.44,2025.6491
0.0,515.31,2449.8276
0.0,643.47,2696.244
0.0,718.23,2719.7232
0.0,744.04,2363.8079
0.6,713.78,1622.7733
0.0,630.12,919.99007
0.0,504.63,170.47789
1.5,341.76,0.42124183
100.0,0.0,13.023446
100.0,2.67,80.849335
100.0,63.19,149.22339
100.0,145.96,327.36518
100.0,369.35,716.79222
48.0,595.41,343.72481
0.0,0.0,373.094
0.0,10.68,1187.4758
0.0,165.54,1987.7126
0.0,358.67,2530.0079
0.0,524.21,2894.8564
0.0,652.37,3056.7941
0.0,736.03,2997.9068
0.0,762.73,2742.1568
0.0,732.47,2261.1239
0.0,646.14,1191.2775
0.0,516.2,187.58972
0.0,347.1,1.6152778
2.0,0.0,4.1297112
100.0,0.0,359.65066
100.0,9.79,928.4873
100.0,141.51,1368.7558
0.0,358.67,1027.2717
0.0,527.77,1031.5255
0.0,658.6,1008.4002
10.0,648.81,1991.6894
10.0,678.18,1378.1712
20.0,705.77,498.44188
58.0,511.75,100.45392
75.0,381.81,12.821569
0.0,0.0,2.1010436
0.0,0.0,341.86061
0.0,14.24,1201.3055
0.0,173.55,1957.4223
0.0,366.68,2528.7962
0.0,534.0,2848.1827
0.0,663.94,2952.9333
0.0,746.71,2915.0436
0.0,771.63,2651.5866
0.0,737.81,2153.0843
0.0,649.7,1179.0811
0.0,520.65,213.97641
0.0,351.55,3.7451389
100.0,0.0,22.180013
100.0,14.24,159.44572
100.0,129.94,343.32086
85.0,334.64,2283.5726
12.0,522.43,2445.9668
2.0,651.48,1415.1719
10.0,604.31,95.074551
10.0,488.61,144.51816
31.0,351.55,0.68412698
100.0,0.0,13.995278
100.0,10.68,40.578889
62.0,172.66,82.954039
100.0,333.75,159.23395
100.0,404.06,415.38627
100.0,377.36,505.88852
100.0,201.14,456.43138
100.0,235.85,463.791
100.0,261.66,126.05724
100.0,174.44,88.117222
100.0,218.94,2.1630428
100.0,0.0,22.253985
100.0,11.57,200.51778
100.0,92.56,384.36778
100.0,141.51,271.08084
100.0,140.62,246.9109
100.0,195.8,307.93985
100.0,317.73,245.80199
100.0,304.38,145.8094
100.0,285.69,249.51502
100.0,136.17,47.087222
81.0,0.0,16.812366
100.0,0.0,189.80922
0.0,26.7,513.76958
0.0,187.79,784.0065
76.0,371.13,1027.8736
100.0,474.37,829.40524
100.0,606.09,686.81278
3.0,735.14,556.95978
100.0,642.58,174.35133
100.0,457.46,34.002555
100.0,201.14,14.595123
100.0,115.7,9.6833722
100.0,0.0,1.8783543
100.0,15.13,40.961315
100.0,140.62,398.11256
100.0,198.47,550.69889
100.0,147.74,297.92457
100.0,160.2,455.46878
100.0,172.66,457.49553
100.0,223.39,393.47418
100.0,162.87,206.87611
100.0,109.47,111.46311
100.0,122.82,75.63092
100.0,0.0,22.207222
100.0,0.0,93.382289
100.0,18.69,185.65667
100.0,149.52,267.32485
100.0,291.92,394.44308
100.0,365.79,482.98405
100.0,339.98,316.56143
100.0,183.34,530.11866
100.0,194.91,302.61083
100.0,203.81,272.24847
85.0,210.04,194.02072
24.0,173.55,91.448095
16.0,138.84,0.0375
100.0,0.0,13.485484
100.0,0.0,135.51043
100.0,5.34,225.46611
100.0,39.16,182.93889
100.0,56.96,185.29973
100.0,98.79,249.62361
100.0,348.88,32.046548
100.0,276.79,7.1075
100.0,216.27,9.3633974
100.0,88.11,0.27835317
100.0,0.0,27.660556
100.0,18.69,260.85006
100.0,138.84,516.37833
100.0,289.25,626.12122
100.0,439.66,298.40836
100.0,302.6,219.53748
100.0,244.75,109.12147
100.0,319.51,202.1585
100.0,258.1,85.974686
100.0,266.11,116.51056
100.0,253.65,39.148023
100.0,0.0,6.3583333
100.0,0.0,368.43005
100.0,30.26,1005.7376
100.0,174.44,1120.8914
10.0,193.13,1637.6355
48.0,247.42,2142.2057
49.0,283.91,1305.8351
20.0,425.42,1723.1202
45.0,381.81,1995.2404
100.0,378.25,1689.6365
10.0,354.22,997.45909
35.0,280.35,507.43333
10.0,226.06,27.297123
97.0,0.0,6.5301802
100.0,0.0,121.87213
100.0,21.36,450.78138
100.0,131.72,871.6075
100.0,222.5,875.37472
100.0,364.01,960.74139
100.0,420.97,813.86954
100.0,170.88,531.99432
100.0,341.76,270.46316
100.0,639.91,326.12917
100.0,566.04,140.42278
100.0,509.97,370.65444
100.0,185.12,5.9262821
0.0,0.0,1.7159452
0.0,0.0,87.292352
0.0,42.72,290.58443
0.0,221.61,665.51778
0.0,405.84,492.76944
0.0,565.15,140.00306
5.0,0.0,4.7921769
0.0,0.0,414.80171
0.0,48.06,1245.102
0.0,234.07,1936.7731
0.0,421.86,2405.682
0.0,583.84,2798.8026
0.0,708.44,2857.0071
2.4,772.52,2842.0558
0.0,801.89,2597.9899
0.0,773.41,2171.1956
0.0,688.86,1499.2858
0.0,559.81,594.12119
0.0,392.49,35.945833
8.0,0.0,4.4904762
0.0,0.0,387.12615
3.0,57.85,897.60474
0.0,244.75,1004.3757
1.2,432.54,2034.4893
7.8,593.63,2763.0826
23.4,698.65,2228.0774
4.0,788.54,2186.9103
0.6,822.36,2516.2902
30.0,776.97,1070.2377
100.0,626.56,1179.3527
82.0,547.35,477.62872
19.0,380.92,22.832843
0.0,0.0,23.744074
0.0,0.0,294.45087
0.0,54.29,945.63214
0.0,240.3,1655.5333
0.0,426.31,2460.5933
0.0,585.62,2745.8985
0.0,709.33,2885.0596
0.0,786.76,2820.1377
0.0,806.34,2570.0332
1.8,763.62,2119.1084
0.9,679.96,1463.5934
0.6,558.03,632.30069
0.0,393.38,25.66378
0.0,0.0,7.4369697
0.0,0.0,414.33761
0.0,62.3,1242.1246
0.0,259.88,1977.6512
0.0,453.01,2467.4836
0.0,615.88,2676.6376
0.0,737.81,2951.6153
0.0,804.56,2840.5825
8.1,821.47,2529.9274
0.6,784.98,2189.2986
0.0,705.77,1516.5812
0.0,574.05,663.24186
0.0,404.95,24.531707
100.0,0.0,11.032749
100.0,0.0,447.66534
100.0,58.74,1290.326
3.0,258.1,2020.3884
0.0,447.67,2535.9097
0.0,606.98,2860.7291
0.0,728.91,2964.7868
0.0,808.12,2882.3406
0.0,831.26,2645.7264
0.0,799.22,2190.4372
0.0,712.0,1483.3401
0.0,582.06,637.58692
4.8,412.96,20.239352
0.0,0.0,22.50977
0.0,0.0,453.44921
0.0,70.31,1267.1514
0.0,265.22,1930.9045
0.9,455.68,2486.0261
3.9,615.88,2776.8061
4.5,734.25,2859.7307
5.4,817.02,2822.1077
30.0,799.22,2550.4818
0.0,777.86,1991.6871
0.0,713.78,1376.3088
0.9,583.84,473.10799
1.5,419.19,29.267865
100.0,0.0,18.433939
59.0,0.0,463.9205
100.0,73.87,1012.4864
100.0,260.77,1580.3163
100.0,422.75,1852.0908
100.0,532.22,1877.7974
100.0,631.01,2126.2377
100.0,636.35,2445.8871
100.0,583.84,2303.6675
100.0,484.16,1779.6742
100.0,406.73,684.29286
71.0,489.5,97.36077
41.0,414.74,6.387619
2.0,0.0,18.831473
100.0,0.0,463.50612
100.0,69.42,1302.6158
37.0,271.45,2005.9706
0.0,468.14,2487.1641
0.0,630.12,2818.3444
0.0,754.72,2940.5742
0.0,813.46,2852.2145
0.0,833.93,2607.0379
0.0,800.11,2159.4315
0.0,712.89,1475.6098
0.0,582.95,643.55761
0.0,414.74,18.146392
0.0,0.0,21.656557
0.0,0.0,487.58154
0.0,83.66,1301.0222
0.0,281.24,1993.0516
0.0,469.92,2511.6848
0.0,630.12,2823.7859
0.0,752.94,2927.9754
0.0,825.03,2874.1014
0.0,844.61,2604.5209
0.0,807.23,2186.9598
0.0,718.23,1532.9348
0.0,589.18,677.14549
0.0,420.08,18.997783
100.0,0.0,61.526763
79.0,0.0,291.58536
34.0,90.78,1198.7506
42.0,283.91,2067.6887
37.0,459.24,2582.9049
100.0,598.08,2710.3849
92.0,699.54,2954.9119
33.0,796.55,2775.9501
100.0,777.86,2568.1236
100.0,720.01,2059.5733
100.0,640.8,1422.7079
86.0,514.42,519.10854
34.0,387.15,23.134496
31.0,0.0,33.632208
14.0,0.0,467.36701
0.0,80.99,1310.2292
6.3,290.14,2029.8187
4.8,476.15,2429.3202
1.5,632.79,2860.7503
4.5,756.5,2962.5103
0.0,827.7,2949.8447
0.0,857.07,2717.1814
0.0,820.58,2269.9887
0.0,735.14,1544.4435
0.0,603.42,640.28904
0.0,432.54,39.576705
6.0,0.0,34.521546
22.0,0.0,470.38138
25.0,96.12,1204.6823
13.0,288.36,2088.991
0.0,455.68,2684.0389
100.0,576.72,2613.1881
71.0,276.79,1153.9587
100.0,813.46,631.14707
100.0,675.51,335.64778
100.0,455.68,128.5947
100.0,415.63,60.467734
100.0,325.74,15.597349
100.0,0.0,4.6546099
100.0,0.0,43.979559
100.0,18.69,119.72227
100.0,52.51,188.40683
100.0,101.46,217.60286
100.0,130.83,570.19271
100.0,280.35,870.88454
100.0,231.4,526.54606
100.0,68.53,651.51471
100.0,504.63,351.27395
100.0,607.87,179.46546
40.0,555.36,6.5775
100.0,421.86,42.4
100.0,0.0,12.066319
79.0,102.35,364.30887
35.0,294.59,536.06592
9.0,477.93,1241.4112
10.0,559.81,1485.0609
100.0,341.76,1331.9139
100.0,0.89,5.07
100.0,81.88,236.61444
100.0,299.93,858.94361
100.0,446.78,1690.9292
58.0,574.94,2019.1516
100.0,285.69,2260.9511
100.0,686.19,2281.3451
100.0,589.18,1542.6034
100.0,736.03,1942.3521
100.0,470.81,1141.0547
10.0,399.61,379.04449
10.0,354.22,337.71405
10.0,230.51,103.1469
0.0,0.89,65.960544
5.0,113.03,497.70948
10.0,302.6,1161.8054
0.0,473.48,1907.7325
0.0,647.92,2411.2403
0.0,765.4,2834.7809
0.0,835.71,2716.8042
0.0,852.62,1899.5985
10.0,808.12,2207.8757
10.0,687.08,1833.8297
10.0,561.59,509.58389
10.0,405.84,265.89114
0.0,231.4,101.28682
0.0,1.78,82.4125
0.0,118.37,510.08038
27.0,317.73,1281.1426
37.0,496.62,1931.8267
26.0,640.8,2459.8269
3.0,752.94,2618.7294
0.0,836.6,2822.9876
0.0,854.4,2824.6611
0.0,820.58,2560.4028
0.0,735.14,2090.5022
0.0,606.09,1385.971
0.0,436.99,553.73389
0.0,247.42,51.609477
100.0,2.67,116.7187
100.0,114.81,396.93777
100.0,297.26,552.3861
100.0,465.47,844.356
100.0,629.23,872.93688
100.0,720.9,508.06137
100.0,584.73,401.01774
100.0,503.74,418.90865
100.0,503.74,741.30156
100.0,485.94,992.71974
40.0,520.65,987.39323
30.0,414.74,330.06728
30.0,249.2,101.43341
100.0,0.89,5.8469444
100.0,83.66,107.88273
100.0,186.01,291.55472
80.0,345.32,208.4094
100.0,403.17,260.75373
100.0,348.88,671.30361
0.0,841.05,1111.4178
100.0,0.0,135.24753
100.0,0.89,362.05992
100.0,36.49,683.3875
53.0,145.96,559.78722
65.0,204.7,436.62698
100.0,229.62,397.92333
100.0,342.65,254.48179
100.0,301.71,333.55261
100.0,318.62,2011.6776
10.0,314.17,643.33075
100.0,300.82,270.26056
23.0,199.36,54.054428
15.0,142.4,0.85942029
100.0,0.0,24.036111
0.0,5.34,372.01633
100.0,124.6,673.71194
10.0,308.83,424.6357
10.0,485.05,2034.7373
23.0,591.85,1796.2694
100.0,654.15,1966.31
100.0,563.37,498.52909
100.0,582.06,772.99624
100.0,536.67,933.39628
100.0,451.23,177.06391
100.0,248.31,81.685446
100.0,0.0,56.527778
100.0,5.34,460.13803
0.0,142.4,1218.4761
0.0,334.64,2019.5456
10.0,492.17,2026.7763
100.0,334.64,1455.0139
100.0,324.85,1584.8421
31.0,338.2,1259.9978
45.0,351.55,1840.981
10.0,509.97,1291.5045
10.0,525.1,671.48744
56.0,251.87,301.05447
100.0,158.42,0.014465409
100.0,0.0,27.524294
100.0,7.12,219.09665
100.0,111.25,453.2504
100.0,258.1,774.27258
100.0,411.18,1534.3463
100.0,633.68,2567.4989
2.0,788.54,2920.693
100.0,827.7,2921.894
100.0,782.31,2650.575
100.0,698.65,2108.7831
100.0,599.86,1498.6501
100.0,511.75,662.05833
100.0,405.84,33.6341
10.0,652.37,2581.0272
10.0,776.08,2782.8494
100.0,316.84,2626.1294
100.0,194.91,1800.1336
100.0,199.36,706.18708
100.0,289.25,844.50941
100.0,260.77,407.97437
77.0,195.8,33.350815
45.0,0.0,79.005278
51.0,16.02,573.94442
100.0,169.1,1291.7967
100.0,332.86,1697.3794
100.0,484.16,2295.5119
100.0,600.75,2689.6781
100.0,705.77,2518.3639
100.0,720.01,2813.4818
100.0,708.44,2406.676
36.0,804.56,1982.0331
35.0,742.26,1384.8917
0.3,623.0,595.7528
0.0,461.02,36.930556
100.0,0.0,10.2
100.0,0.0,112.79444
100.0,10.68,489.34417
100.0,100.57,924.04183
100.0,205.59,794.80667
100.0,287.47,890.54361
100.0,308.83,828.69566
100.0,321.29,1319.9406
100.0,251.87,672.48232
100.0,314.17,478.04333
100.0,329.3,438.2545
100.0,231.4,415.7237
100.0,237.63,183.96861
100.0,235.85,30.434967
1.5,0.0,1.5306452
0.6,0.0,168.05958
9.6,19.58,450.14311
11.1,179.78,1244.7293
100.0,346.21,1404.8224
100.0,478.82,1145.4596
100.0,535.78,1352.8692
100.0,498.4,1398.5836
100.0,225.17,413.93294
100.0,243.86,390.68611
100.0,335.53,433.4925
100.0,245.64,586.81734
100.0,265.22,227.31436
100.0,189.57,17.189091
100.0,0.0,130.9478
100.0,11.57,197.91444
10.0,129.05,254.97361
100.0,158.42,52.402778
100.0,208.26,109.5682
100.0,276.79,414.85
100.0,259.88,1407.1082
94.0,254.54,2222.263
63.0,302.6,566.89694
100.0,347.99,705.33226
100.0,268.78,356.45222
100.0,224.28,169.67472
100.0,123.71,13.929464
2.0,0.0,2.7432292
3.0,0.0,80.946667
36.0,20.47,413.49556
100.0,174.44,814.73167
100.0,355.11,795.97556
100.0,525.99,459.74
100.0,598.97,463.59084
91.0,751.16,679.83611
24.0,590.96,984.68917
7.0,834.82,1169.5914
4.0,851.73,1817.055
1.0,767.18,1210.2673
10.0,492.17,661.67028
10.0,445.89,60.689444
45.0,0.0,5.7468468
37.0,0.0,172.78694
100.0,24.92,522.29
100.0,169.1,1183.0022
100.0,323.07,1596.0814
100.0,440.55,1740.236
73.0,445.89,1976.1534
100.0,664.83,1554.0867
100.0,709.33,1770.1286
100.0,639.91,906.894
100.0,305.27,442.64339
100.0,330.19,131.53167
100.0,340.87,147.91361
100.0,0.0,0.23489583
67.0,0.0,87.866667
0.0,24.92,374.96
0.0,186.9,674.08814
0.0,378.25,1615.2597
0.0,557.14,2560.7287
0.0,707.55,2808.3628
0.0,823.25,2879.6863
0.0,886.44,2799.6825
0.0,900.68,2564.0957
0.0,861.52,2105.4054
0.0,769.85,1318.5103
0.0,644.36,579.3769
1.2,479.71,27.965278
100.0,0.0,69.524911
100.0,25.81,572.78167
100.0,181.56,1294.7433
100.0,290.14,1886.5753
12.0,521.54,2194.0856
39.0,682.63,2469.2536
100.0,642.58,2282.4732
5.1,849.95,1932.9677
7.2,842.83,2224.6013
100.0,752.94,1975.2604
100.0,577.61,1128.8408
100.0,398.72,536.80778
10.0,252.76,59.42
100.0,0.0,11.070847
100.0,0.0,95.635
100.0,13.35,439.5425
100.0,105.02,470.80917
53.0,303.49,869.50861
100.0,499.29,455.37185
100.0,574.94,502.03692
100.0,445.89,897.73583
100.0,579.39,700.1728
100.0,597.19,661.93226
100.0,396.05,250.05851
100.0,361.34,124.09974
100.0,411.18,249.33499
100.0,315.95,66.485683
100.0,0.0,6.7970833
100.0,0.0,125.00493
100.0,27.59,555.27081
100.0,179.78,1196.9183
81.0,364.01,1807.6767
3.6,538.45,1628.6581
48.0,517.98,2018.105
10.0,454.79,2047.0364
61.0,621.22,2033.9836
100.0,836.6,1395.2551
13.5,727.13,989.79611
9.3,743.15,968.62417
30.0,610.54,353.79167
30.0,455.68,59.907764
100.0,0.0,47.742359
100.0,14.24,89.971022
100.0,85.44,225.41778
100.0,169.1,582.30111
100.0,166.43,594.4933
100.0,228.73,276.84867
100.0,249.2,345.75664
100.0,273.23,278.36111
100.0,273.23,379.92972
100.0,211.82,133.86937
100.0,196.69,145.63981
100.0,270.56,15.179863
100.0,221.61,1.2578231
0.0,0.0,50.925278
100.0,37.38,354.58506
100.0,187.79,397.51503
100.0,214.49,468.02361
100.0,349.77,713.43944
65.0,518.87,1311.1116
30.0,746.71,796.75314
30.0,784.98,799.65878
30.0,813.46,932.53715
30.0,779.64,1469.5648
30.0,709.33,1253.2856
13.5,627.45,512.43434
24.0,484.16,42.029148
100.0,0.0,63.6375
16.0,24.03,495.92664
10.0,169.99,1094.0866
100.0,315.06,1940.65
65.0,408.51,2182.0626
32.0,525.1,2754.425
5.0,813.46,2614.952
42.0,894.45,2256.499
10.0,728.91,1259.8394
10.0,479.71,852.74667
92.0,370.24,423.58195
100.0,289.25,112.32333
24.0,225.17,52.957773
46.0,181.56,0.026041667
100.0,0.0,15.741288
100.0,0.0,209.16194
100.0,16.91,633.5775
100.0,122.82,1365.0264
100.0,350.66,1997.4542
4.0,560.7,2469.7558
0.0,736.03,2703.4781
0.0,849.95,2766.9354
0.0,914.03,2553.4117
0.0,924.71,2401.0383
0.0,881.99,1926.1174
0.0,790.32,1331.0583
0.0,661.27,500.15444
0.0,498.4,7.5130556
100.0,0.0,10.869697
100.0,0.0,174.86523
10.8,44.5,543.31698
29.0,224.28,910.83212
0.0,408.51,2005.7647
0.0,577.61,2477.9514
0.0,722.68,2727.1328
0.0,830.37,2781.5295
0.0,897.12,2526.3101
0.0,909.58,2177.2035
0.0,869.53,2029.0572
0.0,780.53,1384.3792
0.0,628.34,570.92957
0.0,493.06,21.3225
100.0,0.0,12.464966
100.0,0.0,117.29835
100.0,34.71,590.45735
11.0,210.93,766.3968
10.0,308.83,1454.5389
0.0,562.48,1513.743
5.0,695.98,1580.4333
0.0,833.93,2692.6499
0.0,898.9,2624.6956
0.0,914.03,2420.1239
0.0,876.65,1995.3142
0.0,789.43,1292.5064
0.0,662.16,380.9475
0.0,499.29,49.129722
0.0,0.0,3.9043333
100.0,0.0,102.60722
100.0,34.71,589.25689
0.0,208.26,1311.2027
0.0,406.73,1930.4323
0.0,582.06,2366.7556
0.0,728.91,2612.2005
1.5,835.71,2698.9019
0.0,901.57,2537.5612
0.0,913.14,2214.1185
0.0,873.09,1883.0614
0.0,784.98,1363.6277
0.0,656.82,550.26976
0.9,498.4,27.991667
100.0,0.0,1.4114583
100.0,0.0,82.30056
65.0,50.73,552.97472
32.0,228.73,1305.432
18.0,412.96,1811.2225
23.0,578.5,2217.4653
4.2,716.45,2560.193
2.7,821.47,2553.3159
30.0,871.31,2503.9511
5.4,891.78,2153.6072
6.9,859.74,1804.2872
8.1,777.86,1218.5891
11.7,657.71,499.41111
60.0,483.27,64.070626
23.1,0.0,11.303125
9.9,0.0,164.66722
5.1,55.18,556.34486
2.7,235.85,1195.6875
0.9,418.3,1923.5064
4.8,586.51,2273.3067
6.6,724.46,2555.1069
6.9,827.7,2557.7281
1.5,885.55,2551.011
4.5,898.9,2291.1858
23.4,858.85,1922.0092
30.0,759.17,1205.6225
0.0,654.15,508.30167
0.0,506.41,35.650556
6.9,0.0,5.3657407
7.5,0.0,121.5975
8.7,57.85,561.84361
6.9,239.41,1260.2181
0.6,421.86,1859.9357
0.0,590.07,2259.7003
0.0,735.14,2469.4202
0.0,843.72,2510.7372
0.0,903.35,2399.9681
0.0,914.03,2154.3533
0.0,873.09,1736.0057
0.0,784.09,1065.6464
0.0,658.6,466.05391
0.0,500.18,81.069167
100.0,0.0,5.0130435
100.0,0.0,161.31064
78.0,37.38,436.6561
22.0,232.29,744.5926
21.0,417.41,1248.6502
100.0,544.68,1445.6464
100.0,614.99,1625.2283
100.0,704.88,1495.2006
28.0,871.31,1802.4222
11.7,902.46,1904.6986
37.0,863.3,1357.6467
58.0,711.11,820.52917
66.0,658.6,327.36361
94.0,493.06,91.668978
30.0,325.74,0.003846154
100.0,0.0,27.778667
100.0,0.0,235.90556
49.0,60.52,664.31
81.0,237.63,1255.5621
98.0,411.18,1613.4406
4.8,582.95,2293.4428
4.5,728.02,2520.9164
0.0,831.26,2580.5132
3.9,910.47,1932.2233
30.0,897.12,1442.9844
100.0,800.11,773.83598
100.0,590.96,1452.4154
100.0,417.41,521.22583
0.0,420.97,107.45476
0.0,328.41,0.00462963
17.4,0.0,1.2684524
13.2,0.0,85.160466
12.3,65.86,573.69139
12.9,249.2,1359.0201
15.0,430.76,2017.5687
11.4,597.19,2481.4439
6.3,736.92,2752.6902
3.6,839.27,2820.1681
0.0,914.03,2715.1876
0.0,925.6,2450.7759
0.0,886.44,2009.0583
0.0,799.22,1386.0344
0.0,672.84,546.20371
0.0,512.64,16.161681
0.0,0.0,0.52844828
0.0,0.0,90.211685
0.0,60.52,568.82833
0.0,241.19,1346.0059
0.0,428.98,1995.2047
0.0,602.53,2439.0145
0.0,747.6,2703.1475
0.0,855.29,2758.105
0.0,922.93,2656.4206
0.0,933.61,2411.9836
0.0,893.56,1966.9786
0.0,804.56,1355.9244
0.0,679.07,533.66225
0.0,517.98,16.030659
100.0,0.0,1.1951149
100.0,0.0,95.905438
100.0,48.06,585.48661
89.0,217.16,1319.4406
4.0,426.31,1943.9706
0.0,599.86,2400.2092
0.3,743.15,2645.6467
0.0,841.05,2687.9616
0.0,916.7,2604.9215
0.0,929.16,2360.6028
0.0,890.0,1919.8441
0.0,802.78,1305.4942
0.0,676.4,502.9525
0.0,516.2,32.16275
0.0,336.42,0.003205128
0.0,0.0,0.81440678
0.0,0.0,83.561389
8.4,70.31,547.81463
6.6,250.09,1254.81
9.0,428.98,1737.1549
4.8,592.74,2259.8092
1.2,726.24,2370.7738
0.6,825.92,2650.4372
4.8,881.99,2469.0558
1.5,894.45,1565.441
10.0,833.04,1434.9833
10.0,736.92,955.55222
10.0,538.45,507.94874
10.0,323.07,77.442222
10.0,316.84,0.050617284
15.0,0.0,5.555303
0.0,0.0,170.79606
100.0,63.19,391.11306
100.0,170.88,714.60694
100.0,285.69,925.16472
100.0,360.45,571.08265
100.0,358.67,625.90398
100.0,555.36,500.10215
7.0,893.56,1011.8619
0.0,920.26,1895.3119
0.0,894.45,1255.0305
0.0,813.46,1204.198
0.0,690.64,590.33556
0.0,532.22,27.397222
0.0,351.55,0.006577885
100.0,0.0,7.1770372
100.0,0.0,122.06195
100.0,58.74,618.955
4.0,245.64,1155.0569
33.0,445.0,1894.0586
61.0,601.64,2427.1861
1.5,747.6,2691.2331
2.1,853.51,2652.6202
0.0,922.93,2640.1774
3.0,933.61,2247.3027
25.5,869.53,1673.1908
3.3,792.99,1244.1789
3.9,676.4,534.79745
3.3,524.21,53.018889
10.0,305.27,0.02654321
100.0,0.0,1.4327684
100.0,0.0,101.6059
100.0,56.07,587.07534
100.0,228.73,1235.7122
0.0,435.21,2011.4569
0.0,609.65,2465.7414
0.0,754.72,2736.1097
0.0,865.08,2810.1854
0.0,923.82,2722.5252
0.0,938.06,2466.7831
0.0,901.57,2032.6315
0.0,816.13,1406.9231
0.0,692.42,561.01872
0.0,533.11,34.019167
0.0,353.33,0.021505376
100.0,0.0,35.513506
100.0,0.0,262.18644
100.0,50.73,688.22314
25.0,232.29,1372.0431
2.0,448.56,1998.4081
0.0,621.22,2453.3364
0.0,765.4,2719.9631
0.0,874.87,2807.2306
0.0,936.28,2720.9167
0.0,946.96,2444.0622
0.0,907.8,2021.5689
0.0,820.58,1393.0531
0.0,693.31,546.54464
0.0,533.11,27.0933
0.0,352.44,0.011458333
100.0,0.0,4.4325137
100.0,0.0,108.45255
100.0,62.3,570.08388
56.0,239.41,1322.5331
0.0,436.99,1956.0018
0.0,607.87,2409.6681
0.0,752.05,2647.8592
0.0,859.74,2465.6388
0.0,914.92,2614.0369
0.0,923.82,2267.0334
10.0,794.77,1847.7979
10.0,680.85,1316.5153
10.0,638.13,605.47153
0.0,495.73,42.096502
0.0,347.1,0.071212121
30.0,0.0,5.2385246
100.0,0.0,119.74806
100.0,71.2,590.97639
2.0,251.87,1315.9534
0.0,436.99,1936.1898
0.0,607.87,2389.3406
0.0,748.49,2136.7809
2.0,852.62,1560.8102
100.0,653.26,1011.6104
100.0,400.5,591.67188
100.0,743.15,761.53835
100.0,546.46,1039.4032
100.0,321.29,257.48694
100.0,219.83,21.294167
100.0,106.8,0.64739583
100.0,0.0,16.591257
100.0,0.0,121.79194
100.0,62.3,554.47679
0.0,248.31,1259.4146
0.0,431.65,1676.5164
0.0,600.75,1524.7286
0.0,743.15,1757.3037
10.0,849.06,2317.1161
2.0,901.57,1963.348
2.1,908.69,2507.71
0.0,873.98,1732.0467
3.3,798.33,912.83784
1.2,679.07,297.61583
20.0,528.66,70.5575
48.0,356.89,1.3004002
100.0,0.0,9.9612022
100.0,0.0,119.65333
86.0,76.54,555.42501
0.0,259.88,1312.4512
0.0,444.11,1945.8775
0.0,614.99,2389.9901
0.0,759.17,2650.4673
0.0,867.75,2719.7942
0.0,938.95,2622.2036
0.0,952.3,2367.1156
0.0,913.14,1954.2814
0.0,824.14,1354.8449
0.0,697.76,532.98338
0.0,539.34,21.669718
100.0,0.0,1.4472678
100.0,0.0,93.939958
100.0,57.85,562.46111
0.0,231.4,1269.4503
0.0,442.33,1880.3645
0.0,613.21,2327.0617
0.0,755.61,2578.2922
0.0,861.52,2637.8429
0.0,921.15,2564.0717
0.0,935.39,2330.2408
0.0,898.9,1911.9451
0.0,813.46,1323.5814
0.0,690.64,514.33164
0.0,534.0,20.466111
0.0,357.78,0.006018519
0.0,0.0,1.5972678
0.0,0.0,85.312222
0.0,79.21,526.2499
0.0,254.54,1229.1708
0.0,435.21,1817.8831
0.0,604.31,2264.4549
10.0,724.46,2515.1876
10.0,806.34,2614.9488
0.0,914.03,2550.153
0.0,927.38,2304.96
0.0,890.89,1875.7806
0.0,807.23,1302.302
0.0,686.19,523.03361
0.0,530.44,35.986163
0.0,355.11,0.052702703
0.0,0.0,5.4338798
0.0,0.0,103.36583
0.0,79.21,536.07194
0.0,254.54,1178.49
0.0,433.43,1819.4517
10.0,577.61,823.41111
10.0,694.2,322.64611
10.0,792.99,101.41556
73.0,478.82,45.088889
74.0,281.24,88.372778
100.0,297.26,101.30083
100.0,372.91,2.9630556
100.0,305.27,19.44
100.0,221.61,60.505556
0.0,0.0,6.8295082
0.0,0.0,115.15371
2.0,80.99,554.85196
0.0,256.32,1240.9947
0.0,436.1,1858.5156
0.0,604.31,2293.7316
10.0,744.04,2558.9411
10.0,794.77,2661.7714
10.0,866.86,2563.87
10.0,864.19,2323.4453
10.0,831.26,1921.4901
10.0,640.8,1336.054
10.0,642.58,522.20427
10.0,501.96,38.190278
0.0,342.65,0.13675214
0.0,0.0,4.1715847
0.0,0.0,93.819444
0.0,82.77,533.53995
0.0,258.1,1243.9342
0.0,437.88,1860.5992
0.0,605.2,2288.1086
0.0,745.82,2500.0097
0.0,851.73,2609.307
8.0,909.58,1441.7636
6.0,862.41,1878.8328
10.0,561.59,1455.0686
10.0,560.7,1215.5144
10.0,644.36,447.6775
10.0,501.07,63.781667
10.0,338.2,5.6529167
31.0,0.0,7.3283551
0.0,0.0,104.78611
0.0,82.77,526.28806
0.0,256.32,1219.2222
17.0,437.88,1822.0289
0.0,589.18,1920.7839
6.0,614.1,2153.3583
10.0,833.04,1584.5258
100.0,883.77,2201.1081
10.0,449.45,1623.2275
10.0,455.68,1484.4289
10.0,752.05,1030.5392
10.0,640.8,368.82639
10.0,447.67,93.469167
3.0,321.29,0.070098039
17.0,0.0,3.7177596
0.0,0.0,89.534642
0.0,82.77,517.27972
0.0,256.32,1214.4157
0.0,434.32,1799.2648
0.6,598.08,2220.9283
0.3,728.91,2346.5287
9.0,833.04,2481.1797
0.0,908.69,2364.7544
3.0,915.81,2165.885
10.0,833.04,1752.1415
10.0,384.48,1311.5255
10.0,332.86,485.90799
10.0,259.88,83.553056
0.0,239.41,0.082083333
0.0,0.0,10.733333
0.0,0.0,117.60306
0.0,83.66,534.43056
0.0,255.43,839.23455
0.0,432.54,1564.5903
0.0,598.08,1646.1256
0.0,736.03,2378.1797
10.0,800.11,2455.1733
10.0,854.4,1765.5976
10.0,867.75,1431.5867
10.0,488.61,1700.4146
10.0,371.13,313.83194
10.0,612.32,168.88982
10.0,501.07,104.04605
10.0,339.09,1.4001068
0.0,0.0,45.53388
10.0,0.0,176.04706
0.0,76.54,561.03356
10.0,161.09,1205.1518
10.0,186.01,1798.4038
1.0,368.46,2220.2405
17.0,598.08,2467.2392
88.0,823.25,2563.0964
0.0,903.35,2025.133
79.0,914.03,1740.2599
100.0,841.94,1730.3199
100.0,641.69,1298.405
100.0,427.2,506.42556
100.0,302.6,33.983056
0.9,0.0,65.410929
0.0,0.0,248.27722
7.8,95.23,361.05167
12.9,269.67,1062.8442
12.3,440.55,1695.3886
30.0,585.62,2264.4689
10.0,696.87,2480.33
10.0,800.11,2590.14
30.0,891.78,2129.4972
48.0,874.87,2103.2036
40.0,820.58,1764.0631
30.0,748.49,1393.0753
30.0,637.24,563.07027
30.0,494.84,52.099444
5.1,0.0,6.8715847
0.0,0.0,104.29291
0.6,95.23,511.57083
0.0,268.78,1187.0273
0.0,439.66,1783.2594
0.0,606.09,2207.6489
10.0,744.93,2464.5279
0.0,839.27,2507.7453
0.0,918.48,2431.8209
0.0,933.61,1967.3808
0.0,898.9,1874.6282
10.0,810.79,1316.1909
10.0,663.05,495.16467
10.0,514.42,170.42935
10.0,350.66,4.1198198
0.0,0.0,15.519399
0.0,0.0,202.04782
0.0,87.22,341.01194
100.0,224.28,1195.5467
0.0,400.5,1784.1819
100.0,593.63,2249.7714
0.0,735.14,2508.3765
0.0,851.73,2497.0871
10.0,899.79,2424.7659
10.0,873.98,1821.4807
10.0,840.16,882.27554
10.0,763.62,635.35472
10.0,652.37,450.07239
10.0,509.97,90.078056
22.0,264.33,0.86238095
0.0,0.0,55.315301
0.0,0.0,196.62583
0.0,88.11,511.16167
0.0,263.44,1212.8939
0.0,443.22,1768.9961
0.0,610.54,2155.8192
0.0,751.16,2392.4464
0.0,855.29,2550.3631
10.0,894.45,2191.1683
10.0,865.97,1463.4789
10.0,806.34,750.41111
10.0,763.62,520.32417
10.0,657.71,296.54972
18.0,465.47,131.50167
10.0,338.2,0.056666667
0.0,0.0,13.774167
60.0,0.0,111.92165
34.0,95.23,583.48361
2.0,269.67,1222.9206
12.0,441.44,1792.7975
22.0,598.08,2262.4527
16.0,731.58,1014.6533
70.0,625.67,29.485556
100.0,319.51,59.119893
100.0,469.03,125.9345
100.0,263.44,378.12721
100.0,114.81,323.59802
100.0,171.77,245.44074
100.0,218.05,17.955301
100.0,0.0,6.3125786
100.0,0.0,154.38554
100.0,76.54,600.20919
100.0,185.12,1229.2353
100.0,294.59,1797.4565
100.0,273.23,1596.6889
100.0,286.58,1794.7279
100.0,259.88,2599.9682
64.0,429.87,2277.7859
10.0,540.23,2320.8264
85.0,473.48,1601.8357
66.0,250.98,313.17749
74.0,194.91,237.40942
100.0,163.76,8.1708851
55.0,87.22,1.1872222
71.0,200.25,50.195278
0.0,336.42,291.2175
57.0,461.02,1239.2248
69.0,175.33,1937.2611
100.0,231.4,2361.1194
100.0,69.42,1913.0475
100.0,155.75,1046.3192
100.0,339.09,1050.6894
100.0,261.66,453.08195
64.0,239.41,556.31861
80.0,189.57,164.17806
52.0,163.76,0.05125
100.0,0.0,21.443098
100.0,0.0,121.36639
100.0,53.4,595.34528
100.0,134.39,547.17656
10.0,256.32,565.345
59.0,567.82,1763.8652
6.9,716.45,2692.8186
0.0,843.72,2209.2489
100.0,547.35,2514.3543
100.0,557.14,1866.9582
79.0,738.7,1856.1361
100.0,623.89,712.63333
100.0,404.95,386.24377
100.0,305.27,53.814153
100.0,192.24,0.034722222
100.0,0.0,9.8437382
100.0,0.0,158.78472
100.0,43.61,514.64722
100.0,116.59,929.60186
100.0,146.85,970.91713
100.0,188.68,1431.1078
100.0,388.04,1792.7756
100.0,354.22,1662.2218
100.0,756.5,2332.6629
100.0,376.47,1634.5937
72.0,369.35,667.76662
35.0,283.91,759.57736
10.0,268.78,760.14012
8.0,363.12,150.32073
31.0,383.59,8.670155
100.0,0.0,41.259901
100.0,0.0,264.80667
82.0,80.99,551.04878
100.0,261.66,1029.4689
62.0,307.94,1501.1711
80.0,223.39,2350.7147
100.0,223.39,1356.4026
100.0,292.81,1789.4652
81.0,328.41,2235.4253
33.0,306.16,1679.1956
15.0,277.68,611.0575
35.0,238.52,808.81833
35.0,207.37,265.69049
100.0,164.65,56.071944
100.0,125.49,2.4302326
100.0,0.0,56.821389
100.0,8.9,534.9525
100.0,24.03,730.60389
100.0,83.66,821.05625
100.0,138.84,1524.0574
100.0,161.98,2097.6838
100.0,272.34,1418.907
100.0,354.22,1601.0428
86.0,511.75,954.76889
60.0,453.9,1545.546
100.0,337.31,959.0725
61.0,277.68,496.36222
100.0,226.95,92.467811
100.0,159.31,0.74384058
100.0,0.0,18.737135
100.0,0.0,193.9975
100.0,59.63,590.78667
100.0,202.92,1251.3381
5.0,433.43,1873.5522
0.0,607.87,2327.4075
0.6,747.6,2595.5184
0.0,843.72,2704.4225
3.3,903.35,2627.8401
2.4,917.59,2281.8972
0.6,885.55,1847.6144
12.6,819.69,864.11111
0.0,697.76,504.3389
0.0,550.91,53.168611
10.0,368.46,0.35243056
78.0,0.0,26.765556
54.0,0.0,82.595654
100.0,85.44,505.58528
0.0,263.44,1239.2325
0.0,445.0,1865.8973
0.0,609.65,2317.9758
0.0,749.38,2561.3303
0.0,855.29,2656.2
0.0,927.38,2571.5686
0.0,941.62,2331.0637
0.0,907.8,1704.4822
0.0,826.81,1386.8115
0.0,707.55,540.39417
0.0,555.36,34.777853
0.0,382.7,0.81527778
0.0,0.0,5.7616667
0.0,0.0,95.71669
0.0,89.89,506.08222
0.0,263.44,1210.7211
0.0,442.33,1802.6984
0.0,608.76,2223.5293
0.0,749.38,2245.2123
0.0,856.18,2617.5703
0.0,920.26,2278.6321
0.0,934.5,2299.9379
0.0,900.68,1901.3432
0.0,821.47,1328.8738
0.0,703.99,528.37159
0.0,553.58,34.655278
0.0,382.7,0.44861111
0.0,0.0,7.4708333
0.0,0.0,101.25833
19.0,87.22,501.27389
0.0,264.33,1190.4209
0.0,445.0,1807.7131
0.0,614.1,2238.796
0.0,754.72,2493.9403
0.0,861.52,2574.693
0.0,927.38,2508.1414
0.0,945.18,2281.0477
0.0,911.36,1885.4205
0.0,828.59,1337.6086
0.0,709.33,530.42806
0.0,557.14,21.213784
0.0,385.37,0.06462585
0.0,0.0,1.475
0.0,0.0,78.268686
0.0,91.67,490.31112
0.0,270.56,1193.0489
0.0,452.12,1790.2574
0.0,619.44,2236.8761
0.0,759.17,2454.84
0.0,865.08,2543.7755
0.0,926.49,2479.1953
0.0,938.95,2274.6464
0.0,906.02,1899.8996
0.0,829.48,1357.5956
0.0,712.89,537.78847
0.0,560.7,27.011507
0.0,388.04,0.17312925
0.0,0.0,2.8397222
0.0,0.0,79.356573
0.0,86.33,473.95278
0.0,258.1,1156.554
0.0,435.21,1738.5661
0.0,600.75,2143.4948
0.0,736.03,2406.6298
10.0,566.04,2503.2069
0.0,895.34,2432.4719
0.0,912.25,2222.081
61.0,872.2,1847.0531
24.0,525.99,1267.4817
10.0,274.12,476.99972
10.0,409.4,78.236422
10.0,357.78,3.6962796
0.0,0.0,24.208084
11.0,0.0,145.35968
10.0,64.08,414.85901
0.0,251.87,1142.9245
0.0,425.42,1703.5983
10.0,564.26,2102.4094
10.0,687.97,1815.7364
10.0,787.65,2409.3325
10.0,855.29,2473.5117
10.0,866.86,1636.7017
10.0,841.05,499.08361
10.0,769.85,543.83339
10.0,659.49,303.14472
10.0,519.76,70.504567
10.0,272.34,6.4853511
0.0,0.0,11.735
0.0,0.0,115.51528
0.0,84.55,480.73468
0.0,254.54,1143.1883
0.0,429.87,1742.7967
10.0,559.81,2166.2443
10.0,686.19,2520.7127
10.0,785.87,2347.5055
10.0,849.95,2205.045
10.0,740.48,1672.681
12.0,548.24,1386.7619
45.0,301.71,499.56653
29.0,417.41,0.001666667
32.0,0.0,7.7580556
0.0,0.0,109.69019
0.0,83.66,499.90583
0.0,252.76,1155.9578
0.0,428.09,1733.7934
0.0,592.74,2227.9239
0.0,731.58,1777.6814
10.0,819.69,666.79484
10.0,857.96,780.44332
10.0,860.63,1010.7241
10.0,388.04,565.46696
10.0,388.04,248.735
10.0,633.68,420.34502
10.0,514.42,147.31476
10.0,356.89,17.824214
0.0,0.0,5.4494444
0.0,0.0,92.115
0.0,83.66,473.17015
0.0,256.32,1143.9564
0.0,434.32,1731.7066
0.0,599.86,2138.9911
0.0,739.59,2472.0
0.0,847.28,2529.0295
0.0,913.14,2471.5366
0.0,929.16,2395.6122
0.0,896.23,997.88
11.0,809.01,916.91916
100.0,525.1,564.40605
100.0,467.25,86.916389
100.0,348.88,8.0578431
0.0,0.0,6.8227778
0.0,0.0,92.746789
0.0,82.77,464.29056
0.0,252.76,1134.6278
0.0,428.98,1710.0547
10.0,578.5,2124.4144
10.0,699.54,2363.2763
10.0,804.56,2463.2861
5.1,901.57,2397.8272
7.5,907.8,2181.5641
10.2,875.76,1840.8893
12.9,801.0,1291.1231
78.0,661.27,539.63972
58.0,480.6,49.735796
3.3,373.8,1.7166667
0.3,0.0,3.9783333
0.0,0.0,86.066977
0.0,82.77,461.75433
0.0,254.54,1130.9986
0.0,432.54,1697.6748
0.0,599.86,2091.4842
0.0,740.48,2331.8425
0.0,847.28,2427.7577
0.0,914.92,2375.4483
0.0,930.94,2153.0331
0.0,898.9,1792.8103
0.0,820.58,1274.6428
0.0,705.77,539.59694
0.0,558.03,49.771667
0.0,388.04,1.7565876
0.0,0.0,3.5116667
0.0,0.0,83.476596
0.0,81.88,457.98528
0.0,254.54,1126.8697
0.0,432.54,1692.5527
0.0,598.97,2097.4108
0.0,738.7,2326.3439
0.0,848.17,2407.8272
0.0,918.48,2349.2819
0.0,936.28,2155.3536
0.0,904.24,1779.1206
0.0,824.14,1250.1411
0.0,706.66,539.84028
0.0,556.25,67.6075
0.0,385.37,3.7543333
0.0,0.0,9.7655556
0.0,0.0,107.07253
0.0,80.99,464.17194
0.0,251.87,1097.8144
0.0,428.98,1661.2383
0.0,595.41,2074.1499
0.0,735.14,2331.5569
0.0,842.83,2313.5332
0.0,908.69,2368.7947
0.0,927.38,2197.6939
0.0,896.23,1720.9058
0.0,820.58,1243.945
0.0,705.77,538.95222
0.0,557.14,84.366944
0.0,387.15,7.144898
0.0,0.0,9.3572411
0.0,0.0,97.753333
0.0,79.21,450.6825
0.0,250.98,1106.1725
0.0,428.09,1676.4511
0.0,594.52,2091.0601
0.0,735.14,2375.0196
0.0,843.72,2481.8592
0.0,912.25,2411.923
0.0,932.72,2214.1564
0.0,904.24,1823.8874
0.0,824.14,1274.9303
0.0,703.99,538.9205
0.0,555.36,46.184167
0.0,385.37,1.3292517
0.0,0.0,3.1540678
0.0,0.0,85.048056
1.2,85.44,449.83472
0.9,263.44,1133.0222
0.0,435.21,1750.0081
0.0,600.75,2226.1386
2.4,732.47,2382.7506
6.0,832.15,2562.8975
3.0,910.47,2518.2989
0.0,928.27,2000.6994
11.4,899.79,946.40667
14.7,817.02,1064.6204
30.0,672.84,256.62278
12.6,508.19,118.03222
35.0,367.57,16.190606
0.0,0.0,11.630055
2.0,0.0,159.32631
4.0,66.75,508.59678
1.0,251.87,1145.3419
0.0,429.87,1744.1057
0.0,597.19,2160.8047
0.0,740.48,2366.9575
0.0,852.62,2465.7064
0.0,922.04,2306.7321
0.0,942.51,2197.5458
0.0,911.36,1857.2777
3.6,826.81,1348.6867
3.3,709.33,579.16174
0.0,564.26,50.155061
8.7,392.49,1.2303508
0.0,0.0,3.2175
3.0,0.0,82.0175
2.7,84.55,446.29444
0.0,249.2,1130.6333
0.0,422.75,1729.5392
0.0,586.51,2130.2683
0.6,718.23,2385.6906
0.6,817.02,2498.5414
0.0,902.46,2431.8241
0.0,923.82,2220.5767
0.0,893.56,1846.6891
0.9,814.35,1308.9144
1.2,695.98,562.38915
0.3,555.36,48.469167
0.0,386.26,2.5763948
0.0,0.0,3.6763889
0.0,0.0,85.435
0.0,72.98,441.90694
0.0,242.08,1108.0614
0.0,418.3,1705.8844
0.0,583.84,2134.8369
0.0,722.68,2382.9092
0.0,830.37,2453.9288
0.0,907.8,2416.5172
0.0,927.38,2178.7681
0.0,898.01,1820.3531
0.0,822.36,1287.0314
0.3,706.66,550.33111
0.0,558.92,125.71194
0.3,388.04,9.5972868
63.0,0.0,12.219275
2.7,0.0,117.24029
0.0,73.87,459.29887
2.1,243.86,1022.9658
2.4,421.86,1632.9428
4.8,579.39,2024.3128
2.1,712.0,1743.1975
0.0,825.03,1573.7583
30.0,849.95,1717.4141
30.0,878.43,1925.112
30.0,793.88,1395.3717
30.0,687.08,976.50083
39.0,550.91,287.92083
100.0,445.89,175.06383
100.0,274.12,14.555346
0.0,0.0,8.2519126
0.0,0.0,102.54031
0.6,70.31,438.74222
3.6,250.98,1068.0122
2.1,423.64,1648.235
0.3,582.95,2084.4731
0.0,723.57,2314.0563
0.0,832.15,2411.8045
0.0,901.57,2352.8678
3.6,906.02,2122.1255
5.7,875.76,1728.885
5.1,803.67,1246.8364
7.8,695.09,548.62917
12.3,554.47,66.513583
6.6,390.71,1.733642
0.0,0.0,10.311667
5.1,0.0,113.06639
0.0,72.98,450.34414
0.0,240.3,1072.3156
3.9,421.86,1636.2264
8.4,582.06,2044.5083
6.3,714.67,2146.3808
5.4,818.8,2414.0924
7.2,887.33,2345.2929
7.5,906.91,2146.2864
30.0,863.3,1801.0644
30.0,683.52,1269.1397
100.0,405.84,577.00056
3.0,525.99,88.938333
2.4,394.27,8.2692897
10.5,0.0,17.041257
30.0,0.0,113.73476
30.0,73.87,449.415
30.0,240.3,1112.4367
100.0,391.6,1720.9859
100.0,399.61,2127.1495
30.0,560.7,2398.3444
5.4,798.33,2482.1762
0.0,890.89,2406.8467
0.0,919.37,2179.6903
0.0,889.11,1824.1186
0.0,811.68,1286.0027
0.0,696.87,571.91245
0.0,548.24,42.441365
0.0,379.14,0.746875
0.0,0.0,0.33142077
0.0,0.0,69.784058
0.0,66.75,428.82917
0.0,238.52,1091.7567
0.0,417.41,1688.3303
0.0,585.62,2111.5456
0.0,728.91,2371.4087
0.0,837.49,2447.3208
0.0,906.91,2382.955
0.0,923.82,2186.3625
0.0,892.67,1805.6692
0.0,817.02,1285.7186
0.0,702.21,572.48362
0.0,551.8,50.280278
0.0,380.92,1.7288194
0.0,0.0,0.18661202
0.0,0.0,70.945052
0.0,67.64,429.49833
0.0,242.97,1104.2833
0.0,425.42,1693.3228
0.0,597.19,2107.2178
0.0,742.26,2366.3803
0.0,853.51,2430.7858
0.0,921.15,2387.161
0.0,937.17,2200.599
0.0,903.35,1864.332
0.0,824.14,1343.0956
0.0,709.33,594.67845
0.0,560.7,44.852476
0.0,388.04,0.91836735
0.0,0.0,0.28138889
0.0,0.0,71.232024
0.0,65.86,427.30444
0.0,239.41,1104.8934
0.0,420.97,1701.7518
0.0,590.96,2152.7871
0.0,733.36,2416.1216
0.0,842.83,2494.4847
0.0,907.8,2418.4975
0.0,925.6,2208.4036
0.0,892.67,1827.9522
0.0,813.46,1294.3797
0.0,696.87,589.23
0.0,547.35,55.590146
0.0,378.25,1.8195652
0.0,0.0,0.30310734
0.0,0.0,72.3675
0.0,63.19,426.06139
0.0,234.07,1092.0236
0.0,415.63,1672.14
0.0,586.51,2098.5694
0.0,728.02,2360.3782
0.0,836.6,2448.1381
0.0,907.8,2374.0048
0.0,925.6,2159.4056
0.0,896.23,1807.9117
0.0,818.8,1268.5461
0.0,702.21,570.30639
0.0,551.8,58.838056
0.0,381.81,1.7815603
0.0,0.0,1.2912429
0.0,0.0,79.480278
0.0,61.41,426.72861
0.0,232.29,1079.7117
0.0,411.18,1651.1381
0.0,580.28,2077.2933
0.0,723.57,2320.9125
0.0,833.93,2407.1895
0.0,906.91,2368.6936
0.0,925.6,2155.6358
0.0,894.45,1784.9208
0.0,817.02,1258.3089
0.0,700.43,570.99918
0.0,550.02,62.365278
0.0,378.25,2.2539855
0.0,0.0,1.1154971
0.0,0.0,78.158277
0.0,59.63,426.6125
0.0,232.29,1073.9925
0.0,413.85,1655.3685
0.0,586.51,2064.272
0.0,731.58,2298.3886
0.0,842.83,2396.7181
0.0,918.48,2354.0347
0.0,937.17,2122.8493
0.0,907.8,1772.9497
0.0,830.37,1239.4458
0.0,712.89,566.97778
0.0,559.81,67.755711
0.0,385.37,3.1170455
0.0,0.0,3.3991071
0.0,0.0,88.220089
0.0,56.96,417.47306
0.0,226.06,1037.7108
0.0,404.95,1610.95
0.0,573.16,2021.9484
0.0,716.45,2261.6714
0.0,825.92,2393.2847
7.5,888.22,2314.6886
0.0,890.89,1076.2814
10.0,838.38,352.67295
10.0,764.51,491.43748
10.0,653.26,405.09222
0.0,0.0,37.001235
0.0,0.0,114.57361
2.7,62.3,424.78194
0.0,224.28,964.85891
0.0,398.72,899.89639
7.8,564.26,1875.5047
69.0,517.09,2108.4302
73.0,288.36,1574.5592
32.0,510.86,385.48584
10.0,855.29,1687.5526
61.0,587.4,1489.3247
29.0,548.24,603.23833
10.0,354.22,316.02919
10.0,396.94,109.22472
41.0,352.44,2.1372224
4.8,0.0,8.5900585
0.0,0.0,185.27833
8.0,61.41,360.7503
9.3,230.51,470.79972
100.0,286.58,475.80389
100.0,349.77,553.67778
100.0,208.26,720.93533
100.0,236.74,815.75667
100.0,551.8,2151.1401
100.0,540.23,716.38
100.0,191.35,427.42472
100.0,368.46,487.85667
0.0,585.62,307.55111
10.0,530.44,62.635659
0.0,358.67,0.28582226
100.0,0.0,0.24319728
100.0,0.0,71.20952
91.0,23.14,414.53583
0.0,185.12,1112.5712
10.0,384.48,1801.6014
10.0,527.77,1261.9836
10.0,663.05,2065.6572
10.0,616.77,1896.3661
10.0,831.26,1379.6241
10.0,847.28,822.14556
0.0,742.26,1816.8825
2.0,663.05,1314.3547
0.0,579.39,643.25121
0.0,538.45,38.241111
2.7,377.36,0.25952381
0.0,552.69,2142.621
10.0,664.83,2436.6974
10.0,753.83,2314.2858
10.0,824.14,2582.5525
10.0,845.5,2248.7439
0.0,835.71,1897.8165
10.0,763.62,1235.7567
10.0,639.91,635.89139
0.0,511.75,38.398032
0.0,361.34,0.50791667
0.0,0.0,52.446667
0.0,43.61,405.03234
0.0,207.37,1076.0933
0.0,385.37,1677.8983
0.0,554.47,2169.5969
0.0,661.27,2424.6072
0.0,809.01,2553.3528
0.0,884.66,2561.2911
0.0,906.91,1153.2661
0.0,879.32,1418.6069
0.0,802.78,1207.33
0.0,685.3,663.93417
0.0,534.89,122.58019
0.0,363.12,2.29125
0.0,0.0,59.655
0.0,42.72,414.09613
0.0,209.15,1097.0597
0.0,389.82,1614.8777
0.0,560.7,2163.8936
0.0,704.88,2451.2855
0.0,817.02,2551.6754
0.0,881.1,2521.1361
0.0,902.46,2050.7022
0.0,873.09,1921.4207
10.0,764.51,1431.2097
10.0,642.58,497.39556
100.0,510.86,107.90648
100.0,265.22,0.70675676
100.0,0.0,11.006028
100.0,0.0,114.78333
100.0,33.82,433.01694
100.0,161.98,1131.3669
6.0,360.45,1758.202
0.0,564.26,2205.1603
0.0,711.11,2474.6871
0.0,825.03,2541.7608
0.0,884.66,2502.17
0.0,906.91,2307.3971
0.0,879.32,1930.6742
0.0,802.78,1391.3219
0.0,687.08,661.16197
0.0,536.67,23.547222
0.0,364.01,0.021351224
0.0,0.0,49.468333
14.0,39.16,407.54604
0.0,202.03,1092.9591
0.0,380.92,1684.0058
0.0,550.91,2148.958
0.0,696.87,2400.9521
0.0,809.9,2482.3642
0.0,884.66,2442.7958
0.0,906.02,2251.1023
0.0,876.65,1881.9486
0.0,800.11,1350.1942
0.0,683.52,641.33083
0.0,532.22,18.256944
0.0,0.0,37.909722
46.0,36.49,397.33167
0.0,199.36,1106.1028
0.0,377.36,1730.3514
0.0,546.46,2184.3081
0.0,689.75,2462.3856
0.0,802.78,2558.2554
0.0,882.88,2488.1073
0.0,906.02,2284.9744
0.0,880.21,1901.7589
0.0,806.34,1374.99
0.0,690.64,653.21028
0.0,537.56,14.96032
0.0,0.0,39.58056
0.0,36.49,397.05222
0.0,198.47,1086.8819
0.0,378.25,1719.535
0.0,548.24,2162.8387
0.0,692.42,2411.25
0.0,805.45,2458.7269
0.0,880.21,2385.4361
0.0,900.68,2179.011
0.0,869.53,1814.4581
0.0,789.43,1344.85
0.0,671.06,631.55449
0.0,522.43,30.959138
0.0,349.77,0.050462963
0.0,0.0,42.215
0.0,35.6,403.44778
0.0,201.14,1115.5947
0.0,387.15,1750.9692
0.0,562.48,2200.0145
0.0,709.33,2453.6475
0.0,819.69,2558.405
0.0,886.44,2495.1962
0.0,903.35,2288.0522
0.0,872.2,1920.3614
0.0,793.88,1371.9026
0.0,675.51,656.61438
0.0,522.43,17.714167
100.0,0.0,40.009167
100.0,28.48,398.88417
43.0,185.12,1101.5092
0.0,371.13,1722.8833
0.0,539.34,2138.0197
0.0,683.52,2374.1589
0.0,797.44,2417.7144
10.0,810.79,1711.1493
10.0,833.04,1596.1809
10.0,614.99,1123.3994
10.0,447.67,1135.7866
10.0,593.63,199.85139
10.0,485.05,3.3902778
100.0,0.0,12.173077
0.0,0.0,135.0075
0.0,31.15,336.61436
0.0,189.57,689.50537
10.0,365.79,556.37806
0.0,525.99,1521.9956
10.0,679.07,2675.3517
10.0,793.88,1742.7047
0.0,873.09,1430.7367
2.0,879.32,630.9
2.0,690.64,665.04427
10.0,402.28,231.70045
10.0,263.44,79.649167
10.0,345.32,22.528889
48.0,0.0,102.90479
59.0,30.26,393.79111
0.0,188.68,1165.19
0.0,370.24,1770.8722
10.0,525.99,2199.4086
10.0,655.93,2499.5614
10.0,768.07,2592.0194
0.0,885.55,2582.7331
0.0,906.91,2352.3226
0.0,876.65,1923.9832
0.0,797.44,1379.5286
0.0,677.29,657.64806
0.0,522.43,29.984722
0.0,346.21,0.003333333
15.0,0.0,56.349652
30.0,29.37,415.75889
100.0,161.98,1128.3819
4.0,349.77,1755.8591
0.0,544.68,2179.8189
0.0,692.42,2432.1765
0.0,807.23,2526.7089
0.0,872.2,2449.4839
0.0,892.67,2244.2042
0.0,865.08,1881.4507
0.0,787.65,1344.7772
0.0,668.39,682.70821
0.0,0.0,10.751282
0.0,0.0,172.57722
0.0,26.7,375.825
10.0,179.78,856.22472
12.0,345.32,1047.8055
10.0,332.86,1150.65
10.0,501.96,899.50944
10.0,749.38,473.39635
10.0,817.02,615.54611
10.0,830.37,1677.8271
10.0,801.89,1352.4752
10.0,728.02,847.23539
10.0,620.33,492.26472
0.0,477.93,72.951568
0.0,332.86,0.42857143
0.0,0.0,51.456436
0.0,25.81,418.6265
0.0,182.45,1122.1889
0.0,364.9,1741.4426
0.0,539.34,2171.7997
0.0,687.08,2429.7108
0.0,801.0,2514.0139
0.0,875.76,2426.4308
0.0,895.34,2238.3523
0.0,863.3,1857.439
0.0,783.2,1217.6811
0.0,663.05,250.13028
0.0,509.08,49.488611
2.0,339.98,0.38452381
10.8,0.0,83.949167
9.9,29.37,392.18089
8.1,194.91,1123.1703
6.9,376.47,1700.4577
5.7,546.46,2271.7903
5.4,687.97,2337.6061
5.1,795.66,2409.8939
0.0,885.55,2516.371
0.0,906.02,2284.5681
0.0,876.65,1913.4215
0.3,798.33,1363.0129
0.0,674.62,662.58884
0.0,521.54,26.366205
0.0,342.65,0.000595238
0.0,0.0,38.994444
0.0,24.92,425.99949
0.0,185.12,1143.205
0.0,373.8,1757.7222
0.0,551.8,2185.4592
0.0,699.54,2467.6794
0.0,812.57,2590.5403
44.0,854.4,1464.256
0.0,895.34,1827.2729
0.0,870.42,934.935
0.0,789.43,1507.5567
10.0,644.36,537.54667
0.0,487.72,139.29611
0.0,331.08,14.931733
27.0,0.0,45.754402
21.0,25.81,419.53556
18.0,186.9,1103.9186
0.0,365.79,1676.2972
0.0,533.11,2162.6519
0.0,679.96,2422.7314
0.0,794.77,2480.4978
0.0,861.52,2441.3278
42.0,878.43,2184.9475
100.0,750.27,1752.3178
100.0,621.22,1099.8365
100.0,566.93,654.33422
73.0,481.49,92.023889
1.2,333.75,0.20432099
100.0,0.0,0.29310345
100.0,0.0,103.5013
100.0,20.47,433.3314
10.0,169.99,789.46842
0.0,339.09,1600.4072
0.0,525.1,2233.9267
0.0,681.74,2438.5142
0.0,799.22,2549.1047
0.0,861.52,2497.5328
0.0,884.66,2304.7931
0.0,854.4,1942.19
0.0,776.08,1394.7378
0.0,657.71,691.37376
0.0,504.63,20.510556
3.0,0.0,40.020278
0.0,19.58,430.66889
0.0,169.99,1156.2622
0.0,351.55,1780.1068
0.0,523.32,2240.5258
0.0,668.39,2522.2417
0.0,780.53,2610.7439
0.0,885.55,2552.4529
0.0,904.24,2331.9806
0.0,872.2,1933.9055
0.0,790.32,1372.2514
0.0,666.61,672.71056
0.0,505.52,26.886389
0.0,0.0,77.754652
29.0,20.47,413.44972
90.0,172.66,1072.3517
100.0,243.86,1674.7322
100.0,221.61,2111.6142
74.0,407.62,2409.753
10.0,464.58,2297.5583
0.0,863.3,2486.2347
0.0,881.99,1592.5647
0.0,849.06,1745.3692
0.0,768.96,1032.6849
100.0,628.34,492.4
100.0,385.37,38.6675
0.0,0.0,65.8875
0.0,16.91,408.48878
0.0,162.87,1079.1839
0.0,344.43,1703.1508
0.0,517.09,2160.9162
0.0,655.93,2209.1659
0.0,754.72,1870.9742
10.0,828.59,1993.7503
20.0,458.35,983.39111
10.0,569.6,1061.6614
100.0,381.81,1284.5586
100.0,410.29,622.15305
0.0,469.03,40.427886
100.0,0.0,36.511742
100.0,9.79,387.15318
100.0,109.47,1075.8994
1.0,342.65,1893.0317
0.0,534.0,2327.195
0.0,682.63,2598.7353
0.0,793.88,2389.8005
0.0,861.52,2332.7353
0.0,879.32,1893.0283
0.0,846.39,645.65022
0.0,764.51,781.24077
35.0,641.69,501.22695
10.0,406.73,20.416648
100.0,0.0,1.1594203
0.0,0.0,129.21222
2.7,16.91,460.01333
4.5,169.99,1079.5974
0.0,351.55,1463.9189
0.0,520.65,1181.2256
2.1,665.72,1772.7464
0.0,779.64,2177.1027
100.0,743.15,1815.2601
100.0,771.63,1734.6906
56.0,688.86,1484.8372
56.0,747.6,876.38765
77.0,623.89,539.13643
100.0,459.24,64.232778
0.0,0.0,86.391111
2.0,12.46,423.13833
0.0,154.86,1224.5454
0.0,339.09,1914.5412
10.0,506.41,1932.8497
10.0,623.89,2224.6643
0.0,741.37,2304.7087
35.0,840.16,2358.0372
13.0,851.73,1999.5948
46.0,822.36,975.68861
2.0,748.49,672.89753
0.6,635.46,354.94234
97.0,401.39,41.159167
2.1,0.0,27.198889
0.0,11.57,425.52278
0.0,151.3,1159.1381
0.0,334.64,1655.2028
0.0,509.08,1083.7403
0.0,654.15,699.35858
100.0,732.47,1198.7233
52.0,803.67,1417.4953
100.0,443.22,1966.3816
100.0,389.82,890.89
100.0,509.97,369.54419
100.0,388.93,275.53917
2.0,363.12,42.713216
0.0,0.0,35.704298
0.0,10.68,429.98723
0.0,146.85,1157.1476
0.0,329.3,1628.6011
10.0,490.39,2218.885
10.0,516.2,2245.0872
100.0,305.27,2669.6589
10.0,795.66,2706.2756
58.0,677.29,2050.5335
92.0,397.83,669.83167
10.0,389.82,950.4599
51.0,325.74,440.54806
100.0,384.48,44.813056
1.0,0.0,54.931111
0.0,9.79,441.99167
0.0,146.85,1133.3865
0.0,331.97,1762.0738
0.0,505.52,2230.1981
10.0,631.01,2496.2165
0.6,763.62,2556.4758
0.0,845.5,2510.7549
0.0,864.19,2281.6144
0.0,831.26,1827.1442
0.0,749.38,1315.0325
0.0,626.56,614.01856
0.0,469.03,34.814176
0.0,0.0,36.909167
9.0,8.9,435.51139
9.0,144.18,1156.1971
5.0,328.41,1786.2442
0.0,501.96,2207.8272
0.0,649.7,2470.6783
10.0,725.35,2601.1618
0.0,839.27,2527.7304
0.0,857.07,2311.5195
0.0,825.03,1882.3234
0.0,744.04,1316.8029
0.0,621.22,601.00722
0.0,463.69,38.288611
0.0,0.0,47.984167
0.0,8.01,433.83667
0.0,140.62,1131.2842
0.0,324.85,1746.6781
0.0,501.96,2166.9175
0.0,652.37,2416.8733
0.0,769.85,2650.0081
0.0,840.16,2422.2056
0.0,861.52,2373.6456
0.0,828.59,1233.1646
0.0,746.71,837.35059
0.0,622.11,363.24215
3.0,462.8,101.51511
0.0,0.0,43.228766
0.0,7.12,432.58153
0.0,138.84,1061.2881
0.0,323.07,1757.9489
0.0,497.51,1898.3633
0.0,645.25,2295.9717
0.0,760.95,2527.6392
10.0,776.97,1906.6982
10.0,606.09,378.04582
10.0,616.77,568.57668
10.0,690.64,316.96778
10.0,501.07,125.47389
10.0,332.86,16.687533
0.0,0.0,45.284444
0.0,6.23,438.81139
0.0,136.17,1130.5908
0.0,321.29,1787.7698
0.0,500.18,2252.2699
0.0,644.36,2515.3178
0.0,735.14,661.30815
10.0,776.97,141.84712
10.0,793.88,124.52844
10.0,763.62,1127.6914
10.0,686.19,979.84961
40.0,356.0,436.01972
29.0,178.0,49.022101
100.0,0.0,59.597928
100.0,7.12,545.03389
17.0,137.95,980.55528
0.0,323.07,1863.6147
0.0,500.18,2312.6614
0.0,648.81,2594.8739
0.0,763.62,2664.4003
0.0,833.04,2598.9283
0.0,850.84,2393.5026
0.0,816.13,1993.2708
0.0,732.47,1479.1111
0.0,606.98,645.00889
0.0,447.67,51.830278
0.0,0.0,51.122335
0.0,5.34,522.08411
0.0,135.28,1243.309
0.0,324.85,1820.2157
0.0,502.85,1505.6722
10.0,638.13,1938.5708
16.0,650.59,2453.9663
0.0,841.05,1834.0144
0.0,860.63,2360.3841
0.0,825.92,2018.5128
0.0,742.26,1415.88
0.0,614.99,642.78306
0.0,453.01,44.675278
0.0,0.0,26.596389
0.0,4.45,455.57043
0.0,130.83,1227.4575
0.0,318.62,1864.3468
0.0,497.51,2306.9997
0.0,647.92,2554.545
0.0,764.51,2669.8543
0.0,829.48,2604.2594
0.0,849.06,2375.3303
0.0,815.24,1967.3468
0.0,732.47,1360.3592
0.0,606.98,607.85417
0.0,445.89,42.373293
7.0,0.0,28.901073
100.0,3.56,446.25336
10.0,125.49,1212.3762
0.0,314.17,1860.5789
0.0,490.39,2272.63
0.0,639.91,2529.3587
0.0,755.61,2537.5319
0.0,825.92,2620.045
0.0,841.94,1390.2645
30.0,795.66,1749.2973
6.3,694.2,1256.9811
59.0,596.3,480.18018
5.0,440.55,39.105589
3.3,0.0,73.565556
3.0,4.45,367.83684
0.0,130.83,1182.3179
0.0,309.72,1861.7247
0.0,486.83,2188.9931
0.0,634.57,2481.646
0.0,749.38,2555.2162
4.8,806.34,2376.9769
3.6,822.36,2163.7159
1.2,789.43,1909.8967
0.0,712.0,1259.5536
0.0,591.85,598.1148
0.0,430.76,35.454203
0.0,0.0,26.158027
0.0,2.67,453.7975
0.0,119.26,1221.2642
0.0,305.27,1835.1403
0.0,483.27,2250.6703
0.0,631.9,2491.9956
0.0,747.6,2574.2581
1.2,804.56,2506.9982
3.6,832.15,2295.7552
4.2,790.32,1900.2189
0.0,712.0,1299.1597
0.0,593.63,584.91611
0.0,432.54,37.154545
0.0,0.0,33.411234
0.0,2.67,434.43609
0.0,119.26,1167.671
0.0,306.16,1818.8888
0.0,483.27,2228.2461
1.5,630.12,2493.6701
1.8,740.48,2571.189
0.0,814.35,2466.4392
4.5,821.47,2239.9772
6.3,784.09,1721.6919
4.8,705.77,1197.7567
6.3,587.4,466.43023
30.0,428.09,18.702344
0.0,0.0,38.628804
0.0,1.78,299.33823
0.0,112.14,1118.6208
0.0,296.37,1767.7775
0.0,473.48,2219.8267
0.0,621.22,2498.3902
45.0,728.91,2532.109
0.0,806.34,2413.0292
10.0,792.1,1728.42
10.0,736.92,1055.2497
10.0,656.82,50.525
63.0,524.21,9.5052083
10.0,273.23,74.309538
1.2,0.0,83.309722
4.8,1.78,217.5825
14.7,120.15,643.89694
64.0,291.03,1255.5147
73.0,421.86,704.55639
100.0,505.52,305.31662
100.0,566.04,272.77528
100.0,219.83,1821.2948
100.0,209.15,561.15694
79.0,170.88,1084.9256
100.0,590.96,1015.3472
4.0,303.49,572.11778
19.0,168.21,44.193197
3.0,0.0,64.873545
5.4,1.78,381.79807
4.2,120.15,891.69046
3.0,307.05,1269.5775
10.0,477.04,1107.8203
10.0,590.96,2033.7906
10.0,612.32,1157.9547
27.6,756.5,1193.5586
0.0,811.68,1552.9784
5.0,789.43,904.50111
10.0,695.98,374.29917
61.0,438.77,296.52917
100.0,253.65,35.414341
0.0,0.0,30.983479
5.0,0.89,455.80712
5.0,106.8,1084.5632
4.5,299.93,1143.7022
49.0,453.9,1016.2909
100.0,373.8,1934.4925
100.0,251.87,1734.7664
100.0,591.85,1577.1615
100.0,611.43,1678.8285
100.0,620.33,1409.7319
87.0,623.89,1145.9691
81.0,380.03,233.65528
100.0,204.7,32.082246
0.0,0.0,39.335556
4.0,0.89,162.56417
98.0,105.02,246.46157
88.0,290.14,1464.7262
0.0,469.92,2338.9581
0.0,622.11,2649.3127
10.0,723.57,2768.5681
10.0,775.19,2647.0167
11.4,773.41,2269.6594
30.0,712.89,1284.2861
100.0,610.54,618.34583
100.0,467.25,251.24394
100.0,293.7,12.449206
80.0,0.0,21.046181
52.0,0.0,266.24556
84.0,47.17,605.38972
20.0,285.69,1079.3241
100.0,457.46,2403.8989
67.0,297.26,1550.3039
31.0,358.67,1563.2864
10.0,639.02,1722.4261
10.0,762.73,1548.2603
10.0,337.31,1343.9304
10.0,530.44,1220.4851
10.0,474.37,553.63422
10.0,377.36,30.536552
0.0,0.0,55.36
0.0,0.0,423.013
0.0,99.68,1061.1883
0.0,288.36,1688.5569
0.0,468.14,2307.8286
0.0,603.42,2594.7578
2.0,733.36,2675.8306
15.0,789.43,1858.341
100.0,716.45,1476.3919
18.0,724.46,1075.6294
100.0,517.09,605.14689
100.0,304.38,136.06338
100.0,254.54,28.103148
65.0,0.0,66.335556
52.0,0.0,517.18194
0.0,102.35,1182.7783
8.0,283.02,1554.2433
0.0,461.91,2090.435
10.0,591.85,2126.076
10.0,671.95,2252.7467
10.0,744.93,596.27306
0.0,768.07,385.07562
100.0,592.74,178.72944
100.0,309.72,37.107669
25.0,0.0,25.241827
17.0,0.0,447.02637
0.0,64.08,1352.9128
0.0,269.67,1805.9656
0.0,456.57,1217.4404
23.0,490.39,2715.2189
10.0,268.78,2797.9506
10.0,451.23,2694.2201
10.0,603.42,2436.4659
16.0,577.61,1965.7719
10.0,307.94,1108.2341
60.0,329.3,395.16639
10.0,276.79,13.49878
0.0,0.0,24.434444
0.0,0.0,469.48361
0.0,91.67,1249.0342
0.0,280.35,1884.2839
0.0,461.02,2386.9821
0.0,610.54,2660.8495
0.0,727.13,2731.1986
0.0,797.44,2632.0703
0.0,812.57,2382.0987
0.0,775.19,1925.0153
0.0,686.19,1250.5091
0.6,555.36,473.95111
0.0,391.6,1.8488506
2.1,0.0,46.585556
6.9,0.0,356.84285
68.0,93.45,763.24361
100.0,244.75,1175.5718
100.0,412.07,1712.3222
100.0,567.82,1559.6756
3.9,699.54,1644.86
100.0,753.83,2442.7704
100.0,744.04,1704.5685
100.0,679.07,714.86037
100.0,625.67,245.10278
15.3,534.89,132.45813
100.0,332.86,0.003448276
100.0,0.0,64.233889
19.0,0.0,512.45361
7.8,93.45,957.59484
8.1,278.57,1832.8106
8.4,448.56,2256.6111
10.0,582.06,2544.22
10.0,667.5,2510.2417
0.0,779.64,2537.5557
0.0,792.1,2323.1164
0.0,752.94,1878.7339
0.0,663.94,1259.4652
0.0,533.11,475.06647
0.0,369.35,0.64190476
0.0,0.0,11.566667
0.0,0.0,477.5375
0.0,82.77,1271.3978
0.9,269.67,1919.0881
4.8,453.01,2279.8557
4.8,594.52,2612.3256
5.4,702.21,2680.6229
0.0,784.09,2564.167
0.0,796.55,2355.4475
0.0,755.61,1943.1916
0.0,664.83,1247.4795
2.7,533.11,442.39097
0.6,374.69,0.21654896
100.0,0.0,46.447431
100.0,0.0,221.15777
100.0,73.87,368.78828
100.0,259.88,641.99242
100.0,320.4,1966.1829
100.0,317.73,1583.9978
100.0,418.3,2806.1374
2.0,772.52,2658.3089
2.0,783.2,2382.784
0.0,665.72,1940.5486
0.0,656.82,1102.7219
0.0,532.22,429.71139
5.7,368.46,0.95416667
100.0,0.0,45.047
100.0,0.0,457.55058
100.0,31.15,362.10029
74.0,227.84,1018.6906
11.0,446.78,1335.8483
0.0,593.63,1473.3861
76.0,587.4,657.13472
100.0,677.29,2766.8408
11.7,766.29,2708.8561
30.0,774.3,2423.5081
30.0,727.13,1979.8217
8.4,649.7,1295.0132
4.2,528.66,424.87056
100.0,0.0,32.780833
100.0,0.0,286.38583
100.0,22.25,433.45028
100.0,104.13,214.98889
100.0,201.14,1067.0928
100.0,333.75,650.42278
100.0,555.36,376.29806
100.0,376.47,465.77028
30.0,371.13,487.93806
100.0,485.05,392.30528
100.0,502.85,206.12
100.0,430.76,96.620556
6.0,0.0,32.832738
100.0,0.0,380.41088
10.0,61.41,1331.7458
21.0,139.73,1786.6067
32.0,179.78,2579.8419
11.0,234.07,1720.0847
10.0,429.87,2226.871
32.0,314.17,2320.0448
10.0,637.24,2445.8767
0.0,709.33,835.90167
10.0,634.57,333.33917
100.0,476.15,321.61207
10.0,246.53,1.3507937
0.0,0.0,26.818079
0.0,0.0,306.50634
49.0,68.53,551.08028
7.0,256.32,552.735
0.0,435.21,750.27137
0.0,584.73,919.18266
31.0,695.09,1077.9411
43.0,758.28,1259.6425
100.0,714.67,1372.3356
97.0,660.38,858.09917
100.0,612.32,597.69222
100.0,448.56,101.54405
0.0,0.0,9.0094828
0.0,0.0,539.61267
0.0,66.75,1368.8592
0.0,257.21,2016.6536
0.0,439.66,2460.1158
0.0,592.74,2711.3911
0.0,707.55,2777.9056
0.0,771.63,2692.0972
0.0,783.2,2411.5733
0.0,739.59,1944.105
0.0,645.25,1001.9728
0.0,508.19,240.92937
0.0,0.0,11.396615
0.0,0.0,524.07728
0.0,63.19,1331.5383
0.0,249.2,1983.2978
0.0,429.87,2482.4658
0.0,580.28,2707.7561
0.0,695.09,2769.6178
0.0,761.84,2668.1111
0.0,774.3,2386.6203
0.0,732.47,1931.8496
0.0,639.02,914.83232
0.0,502.85,165.79746
0.0,0.0,8.985357
0.0,0.0,521.5043
0.0,61.41,1327.7521
0.0,249.2,1958.3396
0.0,430.76,2381.9945
0.0,582.06,2640.6503
0.0,696.87,2697.166
0.0,757.39,2611.4247
0.0,768.07,2351.034
0.0,725.35,1898.4455
0.0,631.01,855.43
0.0,494.84,113.37028
0.0,0.0,9.4851515
0.0,0.0,517.47077
0.0,58.74,1314.0028
0.0,245.64,1943.3806
0.0,427.2,2366.6283
0.0,577.61,2612.5305
0.0,690.64,2661.7455
0.0,758.28,2567.2183
0.0,768.96,2330.1072
0.0,725.35,1881.0105
0.0,630.12,780.36639
0.0,493.06,75.061111
0.0,0.0,9.2493827
0.0,0.0,519.91333
0.0,56.96,1321.7953
0.0,243.86,1982.2083
0.0,423.64,2450.8786
0.0,571.38,2727.4636
0.0,686.19,2790.1867
0.0,752.94,2674.0361
0.0,765.4,2387.1175
0.0,720.01,1910.8269
0.0,621.22,726.43861
0.0,483.27,52.004722
9.3,0.0,15.225
10.5,0.0,324.31833
9.3,59.63,1004.1515
9.0,246.53,1491.0622
8.4,421.86,2194.7046
8.4,565.15,2238.2937
7.5,671.95,2051.5311
5.4,725.35,2238.1796
9.9,733.36,1813.1736
16.8,689.75,1312.5211
27.0,599.86,570.72393
15.3,472.59,106.92861
0.0,0.0,18.324837
0.0,0.0,571.63472
0.0,50.73,1315.1194
0.0,231.4,1938.2463
0.0,410.29,2377.6437
0.0,559.81,2235.7222
0.0,671.95,2644.9907
59.0,724.46,2702.8226
46.0,734.25,2161.3767
39.0,694.2,914.48278
43.0,604.31,462.87583
46.0,472.59,77.376389
0.0,0.0,17.614236
0.0,0.0,505.02472
41.0,55.18,1294.2744
18.0,242.08,1863.9196
8.4,418.3,2330.3156
12.0,561.59,2553.9398
10.0,668.39,2241.6854
3.6,730.69,1869.8674
6.3,736.03,2049.9486
41.0,683.52,1588.5048
100.0,476.15,432.94111
100.0,378.25,24.00564
6.6,0.0,44.332979
38.0,0.0,342.57167
100.0,50.73,1143.4583
68.0,233.18,1275.9339
52.0,407.62,2167.074
82.0,545.57,1824.7361
75.0,650.59,1235.1475
100.0,596.3,1347.1894
100.0,292.81,1019.0242
100.0,259.88,1065.8286
100.0,246.53,575.82485
100.0,251.87,86.338333
100.0,0.0,24.141319
100.0,0.0,486.80308
22.0,20.47,1249.3095
10.0,183.34,1895.5031
10.0,372.02,2373.424
0.0,343.54,2626.5939
10.0,464.58,2714.4986
10.0,673.73,2622.6328
10.0,683.52,2337.0489
10.0,641.69,1802.4175
10.0,553.58,365.00083
10.0,425.42,28.334461
0.0,0.0,20.111806
0.0,0.0,498.409
10.0,40.05,1314.9356
10.0,213.6,2006.4703
10.0,376.47,2470.9235
10.0,523.32,2738.9517
0.0,647.03,2783.9359
0.0,713.78,2676.0733
10.0,709.33,2376.4394
10.0,638.13,1807.5761
10.0,548.24,300.63806
10.0,419.19,18.213611
100.0,0.0,32.645652
100.0,0.0,368.00444
100.0,36.49,1150.3456
0.0,211.82,1911.8638
0.0,388.93,2406.3922
0.0,535.78,756.10667
0.0,646.14,1694.5157
10.0,668.39,785.3251
22.0,503.74,185.99861
21.0,239.41,284.38611
10.0,207.37,68.511111
100.0,0.0,48.75947
66.0,0.0,439.05518
63.0,40.05,1129.7692
38.0,213.6,1806.7978
29.0,385.37,2018.1533
5.0,527.77,213.84062
0.0,639.02,802.59306
18.0,529.55,1100.8892
10.0,576.72,1531.1657
10.0,630.12,420.62583
0.0,567.82,213.78389
75.0,439.66,12.270556
77.0,0.0,22.849242
100.0,0.0,528.74583
100.0,31.15,1333.6914
0.0,196.69,1965.5447
0.0,385.37,2307.2553
0.0,534.0,2633.5367
0.0,645.25,2602.1639
0.0,710.22,2714.9986
0.0,719.12,2362.3878
0.0,672.84,1486.8658
0.0,575.83,239.88803
0.0,436.1,12.779226
0.0,0.0,21.24529
100.0,0.0,510.74845
91.0,30.26,1281.2098
0.0,172.66,1354.6018
100.0,370.24,1395.5964
100.0,331.08,2447.7781
100.0,307.94,2091.0356
100.0,658.6,2599.7489
100.0,587.4,2012.8019
8.0,639.02,949.23972
15.0,552.69,169.01667
15.0,404.95,18.66212
100.0,0.0,47.9475
100.0,9.79,446.53806
100.0,61.41,491.42528
100.0,279.46,1055.675
100.0,427.2,2028.7542
100.0,566.04,1080.975
100.0,584.73,1234.1639
100.0,509.08,1279.0097
94.0,502.85,969.22472
78.0,545.57,245.40333
13.0,418.3,53.347333
100.0,0.0,81.988611
100.0,16.91,1057.7308
100.0,118.37,1176.4411
75.0,252.76,275.02111
100.0,376.47,606.56556
100.0,432.54,151.70167
100.0,621.22,223.08861
30.0,557.14,323.24278
30.0,530.44,210.52389
30.0,491.28,48.530556
30.0,388.93,0.003409091
100.0,0.0,47.483333
47.0,0.0,162.59972
30.0,32.04,377.68769
100.0,158.42,934.46083
61.0,342.65,1126.5661
13.0,505.52,419.63202
11.7,588.29,1070.7672
72.0,535.78,621.24893
100.0,449.45,327.3825
100.0,404.06,123.67191
100.0,382.7,39.074215
0.0,0.0,13.751754
0.0,0.0,367.93167
0.0,25.81,256.36194
5.0,189.57,1337.0933
36.0,299.93,2366.7114
10.0,250.98,1760.3811
0.0,501.96,1868.5417
100.0,504.63,1176.3319
100.0,599.86,1060.8742
42.0,609.65,1322.4706
10.0,501.07,158.05222
10.0,385.37,6.8083333
100.0,0.0,27.860648
92.0,0.0,313.39889
1.0,25.81,949.66167
0.0,191.35,1559.1147
0.0,370.24,1818.7264
0.0,517.09,2062.1599
0.0,626.56,2460.0646
0.0,687.97,2627.8439
0.0,693.31,2015.4089
0.0,644.36,1634.7942
1.0,545.57,207.84393
10.0,388.04,10.096774
0.0,0.0,9.8678295
6.0,0.0,471.43086
8.0,22.25,979.57816
4.0,184.23,1847.6031
10.0,349.77,2374.1769
10.0,483.27,2562.8895
10.0,586.51,2486.9308
40.0,661.27,2361.7378
34.0,667.5,1773.6345
52.0,621.22,1198.3275
40.0,525.99,209.08015
12.0,396.05,29.98888
10.5,0.0,0.85962963
94.0,0.0,88.762608
86.0,23.14,742.30461
100.0,182.45,2078.2383
64.0,348.88,1221.8258
87.0,492.17,1748.135
21.0,595.41,2689.2308
19.0,661.27,1784.9118
18.0,647.92,1616.4831
100.0,536.67,1493.7461
82.0,416.52,155.44647
0.0,351.55,9.9635965
28.0,0.0,4.8015152
100.0,0.0,494.62806
100.0,10.68,717.65272
100.0,80.99,877.42789
100.0,282.13,2154.7399
64.0,355.11,1616.8222
15.0,338.2,856.68752
100.0,331.08,364.23754
100.0,544.68,388.45904
100.0,420.08,262.73611
100.0,107.69,120.44028
100.0,93.45,3.4448718
0.0,0.0,24.240741
7.0,0.0,263.55361
10.0,16.91,962.1425
8.0,166.43,1605.1181
100.0,294.59,776.41639
80.0,226.06,274.12361
100.0,196.69,1805.0603
100.0,194.02,2644.3247
100.0,236.74,1007.2031
100.0,331.08,265.43722
100.0,156.64,283.80889
100.0,149.52,10.728395
100.0,0.0,1.1984568
100.0,14.24,74.437834
100.0,107.69,157.56
87.0,116.59,112.96528
72.0,196.69,332.76639
100.0,273.23,234.49373
100.0,132.61,168.84417
100.0,160.2,1022.6041
100.0,233.18,1510.3475
10.0,435.21,149.45472
21.0,342.65,19.94125
100.0,0.0,39.029722
100.0,13.35,175.84461
40.0,163.76,347.5292
0.0,348.88,1517.4548
0.0,496.62,2308.0754
0.0,607.87,2847.8031
0.0,668.39,2715.8421
0.0,677.29,2410.7875
0.0,628.34,1520.8256
0.0,526.88,74.38097
0.0,381.81,3.8827973
0.0,0.0,3.1564516
0.0,0.0,588.97833
0.0,14.24,1082.3275
0.0,167.32,2111.1181
0.0,347.99,2537.3799
0.0,496.62,2763.6964
0.0,604.31,2830.3296
0.0,669.28,2679.2458
0.0,671.95,2344.2938
0.0,618.55,1452.15
0.0,515.31,61.016554
0.0,372.02,8.1842342
34.0,0.0,1.6517241
10.5,0.0,223.90167
66.0,14.24,632.80972
100.0,157.53,1024.2631
100.0,320.4,1855.3769
36.0,477.04,1817.3467
0.0,585.62,1355.8033
30.0,633.68,2506.3736
28.5,638.13,1443.2214
2.4,579.39,676.25083
7.8,499.29,157.40306
5.4,364.01,7.2953125
24.0,0.0,139.04389
50.0,12.46,204.56321
100.0,154.86,165.9575
100.0,288.36,677.44239
100.0,405.84,1512.5823
88.0,515.31,1566.5236
6.9,382.7,646.08583
4.8,620.33,315.87389
8.1,575.83,207.84389
80.0,445.0,47.361667
100.0,0.0,15.254727
100.0,8.01,170.57694
100.0,88.11,474.34752
100.0,161.09,332.03786
100.0,260.77,380.08361
100.0,364.01,378.63416
100.0,227.84,316.66327
63.0,224.28,74.302778
69.0,233.18,27.595278
72.0,234.96,3.1433333
89.0,0.0,118.82722
74.0,10.68,603.14
39.0,153.08,803.87278
74.0,321.29,639.55694
99.0,404.95,2380.4781
19.0,445.89,1740.5569
100.0,218.94,2280.6075
100.0,245.64,2349.7869
63.0,297.26,1309.8467
10.0,359.56,81.176667
10.0,300.82,0.40555556
0.0,0.0,0.36333333
50.0,8.9,98.198427
100.0,140.62,175.97749
100.0,173.55,144.27853
100.0,281.24,366.03472
100.0,238.52,455.35374
0.3,563.37,192.38597
100.0,607.87,184.7025
3.6,490.39,258.41179
82.0,470.81,70.455833
0.0,337.31,1.7625
100.0,0.0,36.746111
100.0,3.56,171.51352
100.0,70.31,262.74306
100.0,152.19,284.59984
17.0,349.77,527.46083
0.0,566.04,803.38583
30.0,595.41,1299.0854
30.0,577.61,1531.3214
26.7,550.02,679.32158
100.0,462.8,135.97611
59.0,319.51,6.8767857
6.0,0.0,450.02361
2.0,5.34,1158.1569
0.0,131.72,1808.038
0.0,301.71,2406.3933
2.1,445.0,2683.0975
0.0,547.35,2748.8261
0.0,599.86,2611.8014
0.0,603.42,2253.9906
0.0,554.47,1111.5136
0.0,456.57,47.08
0.0,318.62,0.10185185
0.0,0.0,237.54278
0.0,5.34,625.905
0.0,129.94,1337.0539
0.0,300.82,1798.8583
0.9,443.22,1506.2419
27.6,548.24,1602.4248
30.0,588.29,904.55361
30.0,593.63,760.62194
100.0,483.27,359.92222
100.0,352.44,56.954167
18.3,0.0,23.360391
16.5,5.34,121.94833
96.0,129.94,240.25569
100.0,206.48,227.94111
100.0,203.81,650.20518
100.0,413.85,399.26806
100.0,264.33,636.71982
100.0,353.33,337.26444
100.0,401.39,192.91707
100.0,274.12,140.78346
100.0,210.04,0.0125
83.0,0.0,229.05444
62.0,4.45,654.4925
16.0,131.72,1505.8628
15.0,299.93,2131.4292
30.0,433.43,2660.9058
42.0,532.22,2154.9019
100.0,558.92,1638.9419
100.0,439.66,1846.9892
100.0,414.74,921.64278
100.0,379.14,126.20889
93.0,290.14,0.1
100.0,0.0,32.135556
100.0,1.78,84.506667
100.0,64.08,554.60483
100.0,167.32,910.30795
48.0,337.31,201.59944
3.9,524.21,252.90611
14.1,569.6,167.18444
8.7,459.24,455.64367
10.0,330.19,719.69583
15.0,270.56,114.56722
12.0,293.7,4.1825
100.0,0.0,6.8413889
100.0,0.89,213.59472
100.0,81.88,484.93113
100.0,122.82,737.46333
68.0,331.97,1039.8482
100.0,535.78,1097.8551
3.0,290.14,646.18921
12.0,384.48,1391.8825
100.0,396.94,364.63889
34.0,339.98,54.450796
98.0,114.81,0.47583333
0.0,0.0,386.12917
0.0,1.78,707.16685
0.0,113.03,1179.4407
7.0,284.8,952.41383
10.0,419.19,1810.3421
9.0,523.32,1701.5575
41.0,572.27,1084.4826
10.2,583.84,826.24187
10.8,535.78,283.20611
44.0,439.66,53.095278
100.0,0.0,36.133611
100.0,0.89,252.42222
100.0,72.09,603.13944
100.0,87.22,1000.3217
27.0,280.35,1018.4706
100.0,490.39,1345.2992
100.0,472.59,2284.5083
100.0,336.42,878.34083
100.0,355.11,409.17583
100.0,350.66,100.02687
8.7,295.48,0.35
3.9,0.0,16.200556
33.0,0.89,646.49361
17.0,107.69,886.31891
4.8,280.35,2389.4042
100.0,410.29,2577.9178
100.0,486.83,2567.3583
3.3,566.04,2270.415
1.5,567.82,1034.8822
0.3,521.54,293.04333
100.0,423.64,26.690638
100.0,0.0,9.0694444
100.0,0.0,286.66292
100.0,0.0,427.35833
100.0,59.63,1409.4642
69.0,174.44,1286.9806
52.0,311.5,1310.0789
51.0,333.75,995.92444
100.0,301.71,685.95694
100.0,314.17,498.04111
100.0,310.61,250.04685
100.0,276.79,56.735052
58.0,215.38,0.31190476
4.0,0.0,2.1241667
66.0,101.46,23.308522
100.0,265.22,444.00333
100.0,321.29,501.88944
74.0,469.03,469.48639
65.0,552.69,356.81972
58.0,557.14,228.5125
100.0,500.18,87.856944
100.0,327.52,6.6197222
100.0,0.0,87.615
51.0,97.01,340.48306
100.0,172.66,647.295
61.0,299.04,1794.42
14.0,453.01,1523.8106
100.0,399.61,1817.1036
100.0,367.57,440.14
100.0,266.11,76.145278
100.0,218.94,0.032539683
17.0,0.0,22.870175
72.0,0.0,157.9622
32.0,97.9,466.22972
23.0,255.43,539.47333
14.0,393.38,860.99194
27.0,495.73,394.00944
100.0,199.36,164.875
100.0,187.79,146.5776
51.0,182.45,259.18582
35.0,148.63,66.413333
100.0,0.0,32.070652
100.0,0.0,225.22591
100.0,75.65,594.15389
100.0,190.46,644.89
100.0,194.02,531.01583
100.0,187.79,814.23306
63.0,493.95,766.84444
100.0,315.95,367.20361
100.0,342.65,210.95528
100.0,205.59,9.4136905
100.0,0.0,4.1954167
100.0,0.0,167.43798
100.0,44.5,359.20944
100.0,206.48,668.64012
100.0,344.43,568.97944
67.0,445.89,783.62278
28.0,372.91,596.21083
9.0,486.83,320.10111
69.0,473.48,122.23064
100.0,358.67,32.23908
51.0,0.0,133.98887
59.0,0.0,853.72446
67.0,77.43,1797.2157
57.0,245.64,2304.9853
16.0,379.14,2529.3347
1.0,478.82,2560.4694
2.4,532.22,2422.7904
0.0,534.0,1845.4475
0.6,484.16,616.87496
1.8,396.05,17.447222
0.0,0.0,181.56389
1.0,0.0,1114.5098
0.0,74.76,1863.6458
0.0,236.74,2318.9053
0.0,372.91,2561.1805
0.0,474.37,2596.7036
0.9,534.89,2442.8329
0.0,535.78,2094.3719
0.0,485.94,559.34444
0.0,388.04,12.891445
0.0,0.0,171.27389
0.0,0.0,1110.0663
0.0,73.87,1927.2006
0.0,239.41,2405.3071
0.0,379.14,2682.9371
0.0,481.49,2720.5597
0.0,538.45,2548.5719
0.0,542.01,2171.4181
0.0,492.17,595.615
0.0,393.38,16.017406
0.0,0.0,170.72708
0.0,0.0,1092.8883
0.0,69.42,1870.48
0.0,234.07,2319.5222
0.0,372.91,2568.7744
0.0,476.15,2643.3625
0.0,539.34,2472.8327
0.0,542.01,2098.9661
0.0,491.28,549.81833
0.0,391.6,15.31717
0.0,0.0,160.22743
0.0,0.0,1094.4347
0.0,69.42,1903.3239
0.0,237.63,2366.2903
0.0,379.14,2567.7933
0.0,484.16,2607.4288
0.0,544.68,2471.6639
0.0,547.35,2098.9036
0.0,496.62,523.50056
0.0,396.05,17.416111
0.0,0.0,148.77778
0.0,0.0,1058.2073
0.0,66.75,1944.2381
0.0,235.85,2385.9316
0.0,377.36,2601.5933
0.0,482.38,2666.1872
0.0,535.78,2500.4902
0.0,539.34,2090.3642
0.0,489.5,554.48818
0.0,389.82,20.071111
0.0,0.0,133.03556
0.0,0.0,1028.9506
0.0,63.19,1889.7278
0.0,230.51,2360.8703
0.0,372.91,2610.6869
0.0,477.93,2645.2719
0.0,526.88,2491.1983
0.0,530.44,2068.3786
0.0,479.71,575.61333
0.0,380.92,28.548023
8.7,0.0,131.93644
8.4,0.0,945.81861
10.2,66.75,1891.3403
9.0,234.96,2344.1827
8.1,372.91,2592.0347
8.1,474.37,2554.0569
4.8,525.99,2331.8964
4.2,527.77,1597.3989
6.3,479.71,618.6294
5.1,385.37,63.68121
0.0,0.0,119.54096
0.0,0.0,863.31917
0.0,55.18,1861.7097
0.0,218.05,2339.4042
0.0,357.78,2547.7544
0.0,461.02,2589.4285
0.0,519.76,2443.0534
0.0,522.43,2017.5975
0.0,472.59,573.55889
0.0,373.8,27.892778
0.0,0.0,105.49856
0.0,0.0,850.73685
0.0,54.29,1871.3233
0.0,218.05,2341.9081
0.0,358.67,2558.9606
0.0,463.69,2611.7934
0.0,517.09,2470.7916
0.0,520.65,2062.0588
0.0,469.92,591.26963
0.0,371.13,25.258611
0.0,0.0,99.902424
0.0,0.0,802.4675
0.0,49.84,1826.1867
0.0,210.93,2352.4367
0.0,350.66,2575.9782
0.0,454.79,2645.8714
0.0,510.86,2529.3766
0.0,515.31,2123.1317
0.0,465.47,591.59744
0.0,368.46,26.015485
3.6,0.0,101.91768
4.8,0.0,790.20158
4.5,54.29,1817.4116
4.2,221.61,2366.2103
3.6,361.34,2543.735
2.1,464.58,2673.1679
0.3,515.31,2547.4292
0.3,520.65,2104.9455
2.1,473.48,659.01694
3.0,378.25,56.975141
46.0,0.0,122.73136
39.0,0.0,159.58794
100.0,200.25,2193.7681
23.0,342.65,2503.6856
14.0,446.78,2537.5647
0.0,496.62,2082.9414
0.0,501.96,2020.9667
0.0,453.01,586.52722
0.0,356.89,31.918155
100.0,0.0,99.04738
100.0,0.0,727.07255
86.0,45.39,1559.9368
100.0,192.24,2115.8841
100.0,293.7,2453.5392
100.0,380.03,2548.6731
6.9,487.72,2375.9012
5.4,491.28,2003.9314
3.9,446.78,569.05
0.0,351.55,18.137215
3.0,0.0,66.180606
3.3,0.0,417.32928
3.3,45.39,1502.5198
2.1,203.81,1818.556
1.5,339.98,2192.0787
2.1,440.55,971.64265
100.0,431.65,1025.1678
100.0,451.23,757.96417
100.0,412.96,242.84537
100.0,305.27,41.148397
100.0,0.0,69.412105
100.0,6.23,360.27927
100.0,56.07,2196.6532
10.0,250.09,1704.8736
10.0,402.28,1359.2706
10.0,438.77,1961.0203
10.0,376.47,1373.3216
100.0,314.17,197.96722
78.0,230.51,22.234524
100.0,0.0,23.060145
100.0,0.0,614.21553
36.0,35.6,1885.3928
87.0,193.13,1649.1028
100.0,300.82,882.76925
100.0,328.41,760.83998
100.0,428.09,274.23083
85.0,411.18,97.142222
100.0,371.13,88.751389
100.0,285.69,0.003921569
100.0,0.0,62.988136
100.0,0.0,656.97306
100.0,17.8,1785.2924
100.0,108.58,2403.1922
100.0,238.52,2736.0958
0.0,416.52,2506.7527
0.0,493.06,1876.2017
0.0,497.51,553.48616
31.0,0.0,27.139583
100.0,0.0,617.06192
40.0,31.15,1634.0556
0.0,184.23,2317.0292
3.6,319.51,2162.045
100.0,406.73,1140.6985
100.0,425.42,1838.1322
100.0,375.58,603.27917
100.0,350.66,471.24194
100.0,306.16,35.146667
13.0,0.0,255.03637
41.0,32.93,1455.2893
10.2,185.12,949.78512
12.0,318.62,1232.0136
21.6,412.07,1015.2133
30.0,465.47,802.73694
30.0,453.9,562.29676
23.4,415.63,179.49018
100.0,306.16,49.615646
0.0,0.0,36.312791
0.0,0.0,417.20592
0.0,27.59,151.47548
0.0,173.55,2097.1853
0.0,310.61,2661.0381
0.0,412.96,2548.8546
0.0,473.48,2371.286
0.0,472.59,2115.8641
0.0,425.42,525.05194
100.0,332.86,24.054088
20.0,0.0,41.384762
49.0,0.0,165.62544
41.0,29.37,1143.4972
0.3,179.78,951.56055
100.0,234.07,1310.5846
10.0,311.5,1582.9224
10.0,451.23,684.05357
10.0,457.46,390.27602
10.0,415.63,344.66611
10.0,330.19,38.449673
77.0,0.0,14.99246
100.0,0.0,488.56278
100.0,19.58,471.07722
100.0,120.15,670.53556
67.0,192.24,1809.6006
100.0,276.79,2043.9733
26.0,413.85,1838.0972
10.0,319.51,1844.0117
0.0,320.4,523.99333
0.0,337.31,21.341212
100.0,0.0,26.58252
100.0,0.0,557.36306
100.0,22.25,1697.3158
0.0,169.99,2342.0789
0.0,313.28,2586.6969
0.0,420.97,2612.9506
0.0,478.82,2447.4033
0.0,485.05,2089.78
0.0,437.88,508.2225
0.0,342.65,19.82037
0.0,0.0,53.66298
0.0,0.0,582.00056
0.0,23.14,1688.7714
0.0,171.77,2353.4418
0.0,316.84,2581.3196
0.0,426.31,2620.885
0.0,481.49,2506.2019
0.0,488.61,2100.7519
0.0,443.22,498.1537
0.0,347.99,23.680189
0.0,0.0,20.104701
0.0,0.0,471.34639
0.0,20.47,1606.2515
56.0,169.1,2311.6304
88.0,309.72,2603.0056
69.0,408.51,2659.4475
75.0,471.7,2526.5819
67.0,477.93,2055.4789
41.0,435.21,496.71222
100.0,323.96,55.187
0.0,0.0,375.09685
0.0,17.8,804.91065
0.0,150.41,1239.0186
0.0,284.8,2408.6953
0.0,387.15,2450.7043
0.0,442.33,1614.9556
0.0,450.34,784.4
2.0,409.4,249.46299
0.0,318.62,36.011322
0.0,0.0,26.493421
0.0,0.0,473.82944
0.0,16.91,1511.5403
0.0,149.52,2171.5436
0.0,293.7,2412.5314
0.0,389.82,2456.7128
0.0,448.56,1982.4153
0.0,456.57,960.14361
0.0,413.85,449.60972
0.0,323.07,15.693137
90.0,0.0,24.40122
78.0,0.0,434.2114
63.0,17.8,1015.4062
42.0,154.86,1832.2052
8.7,291.03,2199.7032
7.2,391.6,2441.5269
68.0,434.32,2043.9956
100.0,407.62,1379.4865
100.0,315.06,377.11722
100.0,252.76,26.25398
0.0,0.0,14.002451
0.0,0.0,508.58194
0.0,14.24,1502.9956
0.0,142.4,2150.4091
0.0,279.46,2399.8932
0.0,383.59,2462.948
0.0,439.66,2346.4103
0.0,448.56,1980.9733
0.0,405.84,491.60306
0.0,316.84,32.888668
2.7,0.0,13.282292
0.0,0.0,516.58973
0.0,13.35,1506.1077
0.0,140.62,2148.7621
0.0,277.68,2449.0381
0.0,382.7,2531.2419
0.0,444.11,2383.8486
0.0,453.01,2017.3037
0.0,410.29,566.18793
0.0,320.4,34.654575
100.0,0.0,5.7934524
100.0,0.0,261.69984
100.0,12.46,564.96887
93.0,138.84,436.09806
100.0,269.67,296.76639
100.0,336.42,272.45337
100.0,302.6,365.32374
100.0,249.2,236.97234
100.0,218.05,113.61441
100.0,132.61,16.948857
100.0,0.0,41.773781
100.0,8.01,606.67472
100.0,94.34,1249.8033
100.0,46.28,691.27711
100.0,97.01,997.75766
33.0,428.98,391.94444
14.0,411.18,269.49108
100.0,261.66,188.85493
100.0,181.56,7.2293651
27.0,0.0,3.8117284
29.0,0.0,296.83528
13.0,12.46,1409.7167
4.5,145.07,2134.9536
48.0,283.02,2379.7856
42.0,382.7,2358.2981
3.0,451.23,1674.4592
3.6,460.13,876.91778
3.6,419.19,328.61528
3.9,331.97,38.260638
100.0,0.0,17.881034
100.0,0.0,290.24278
100.0,9.79,1342.3903
100.0,121.04,1961.5889
100.0,222.5,2204.6531
100.0,266.11,2467.6492
100.0,353.33,1855.9986
100.0,320.4,1565.4111
100.0,271.45,611.18028
100.0,220.72,53.775641
100.0,0.0,16.252667
100.0,0.0,462.64299
100.0,8.01,1216.1169
91.0,124.6,1858.5693
6.9,275.9,2059.14
9.3,378.25,2398.0602
4.5,439.66,2378.5446
5.7,450.34,1668.6822
49.0,405.84,572.45861
100.0,299.04,66.255442
73.0,0.0,9.3748366
83.0,9.79,53.364722
34.0,136.17,305.15833
91.0,269.67,1016.6475
100.0,339.09,2294.7114
100.0,374.69,1795.5314
100.0,381.81,813.86944
100.0,336.42,272.02417
100.0,234.07,2.4935673
0.0,0.0,6.8297619
0.0,0.0,438.925
0.0,7.12,1339.9322
0.0,124.6,2133.4811
0.0,262.55,2420.2828
0.0,368.46,2307.6919
0.0,433.43,2236.4897
0.0,445.0,1565.6278
1.5,406.73,432.1675
3.0,327.52,21.929078
100.0,0.0,34.078333
100.0,4.45,238.13972
100.0,89.89,682.44
100.0,178.0,908.03861
100.0,152.19,1252.9331
3.3,427.2,1404.5614
15.0,441.44,1143.8592
65.0,400.5,325.42972
3.3,321.29,30.444841
100.0,0.0,67.335
100.0,5.34,286.38806
100.0,111.25,866.77278
100.0,188.68,1508.0958
93.0,228.73,1769.7347
7.2,397.83,1458.8636
7.8,439.66,1205.7636
10.8,404.95,496.55117
11.1,323.07,96.817667
100.0,0.0,3.7563218
100.0,0.0,241.04417
7.2,7.12,692.28444
8.4,130.83,1421.1433
9.3,270.56,847.72083
10.8,376.47,843.39889
30.0,421.86,932.11444
100.0,398.72,767.66139
100.0,330.19,208.19444
100.0,238.52,19.684127
58.0,0.0,0.31333333
90.0,0.0,95.634444
96.0,6.23,251.51667
100.0,118.37,483.27111
100.0,245.64,713.95056
100.0,264.33,986.72167
100.0,319.51,2048.6775
51.0,366.68,1846.8039
5.4,407.62,505.70417
4.5,328.41,22.862601
10.0,0.0,100.22778
100.0,4.45,1016.81
41.0,109.47,2067.5897
100.0,212.71,1697.4692
100.0,230.51,1721.9253
100.0,401.39,2490.2319
100.0,386.26,1767.7903
87.0,380.03,517.72917
66.0,316.84,13.265205
0.0,0.0,13.934483
2.4,0.0,390.72833
1.2,5.34,1293.875
0.0,115.7,1895.5894
0.0,255.43,1708.1806
0.0,364.9,927.59944
82.0,428.98,1485.1517
100.0,431.65,1116.6522
100.0,356.89,589.28111
73.0,304.38,69.918553
37.0,0.0,174.91528
18.0,5.34,999.81583
12.0,115.7,491.76056
100.0,182.45,97.534722
23.0,178.0,122.785
44.0,421.86,141.09667
63.0,431.65,100.57167
100.0,288.36,101.35972
100.0,0.0,32.640556
100.0,1.78,319.70722
100.0,59.63,508.72871
100.0,180.67,1183.1712
100.0,303.49,2574.6883
0.0,437.88,2457.2131
0.0,453.9,2080.85
0.0,415.63,641.87458
0.0,329.3,61.300292
0.0,0.0,341.55472
0.0,3.56,1258.2619
0.0,111.25,2147.6356
0.0,251.87,2421.0172
0.0,361.34,2511.0203
0.0,427.2,2404.6817
0.0,441.44,2057.5381
0.0,404.95,674.12889
0.0,320.4,60.858187
0.0,0.0,9.1453333
30.0,0.0,442.30204
100.0,3.56,1026.1208
100.0,106.8,1087.6253
100.0,232.29,1536.5836
100.0,334.64,1781.0343
100.0,427.2,1813.2358
100.0,443.22,1250.67
100.0,411.18,426.84467
100.0,322.18,22.17766
8.0,0.0,112.68126
3.3,4.45,1304.8
4.5,121.04,2113.5003
6.0,262.55,2163.2308
63.0,369.35,2228.3088
79.0,429.87,2094.0953
13.0,424.53,1396.8528
6.3,414.74,179.9175
6.0,333.75,55.945079
0.0,0.0,66.812222
0.0,2.67,290.02583
0.0,108.58,1375.5297
0.0,250.98,2402.6186
0.0,362.23,2487.2444
0.0,433.43,2403.4087
0.0,449.45,2054.1839
0.0,413.85,694.96837
0.0,329.3,69.652732
100.0,0.0,210.0
100.0,3.56,705.79583
100.0,106.8,1537.6594
100.0,231.4,2277.7294
90.0,342.65,1923.9319
100.0,422.75,1291.6219
100.0,420.97,699.16541
29.4,385.37,481.4416
4.5,339.09,104.99327
100.0,0.0,0.31041667
100.0,0.0,173.12517
100.0,3.56,1088.2048
4.8,116.59,1546.0844
8.7,263.44,540.67861
28.2,371.13,398.03472
100.0,297.26,271.5705
100.0,323.96,243.02694
53.0,388.93,101.31806
79.0,301.71,62.523114
48.0,0.0,242.0758
22.0,2.67,639.24472
1.5,108.58,1121.7464
97.0,255.43,413.57028
100.0,291.92,300.97901
100.0,371.13,80.907928
100.0,191.35,109.29444
100.0,154.86,117.92674
100.0,137.06,6.3768116
9.9,0.0,1.2372549
9.0,0.0,303.33361
3.6,2.67,1041.7142
5.1,115.7,2136.1397
7.2,259.88,2417.4039
9.6,369.35,2494.1153
9.3,434.32,1807.4567
9.9,450.34,2048.625
9.6,418.3,726.67472
8.7,338.2,78.767797
0.6,0.0,381.95083
0.3,2.67,1289.6794
0.9,114.81,2127.7597
1.2,260.77,2467.1889
1.5,372.02,2581.48
1.5,436.99,2530.4617
0.6,451.23,2109.4303
2.7,418.3,731.07806
6.6,339.09,88.5225
44.0,0.0,14.523889
36.0,2.67,129.43917
100.0,110.36,389.73667
100.0,137.06,523.15694
100.0,257.21,173.41056
100.0,210.04,403.79222
100.0,113.92,158.36778
100.0,186.9,126.95306
100.0,172.66,20.055031
